mode: atomic
github.com/mab-go/golem/internal/logging/context.go:18.69,23.9 2 0
github.com/mab-go/golem/internal/logging/context.go:23.9,26.3 2 0
github.com/mab-go/golem/internal/logging/context.go:28.2,28.8 1 0
github.com/mab-go/golem/internal/logging/context.go:32.69,34.2 1 0
github.com/mab-go/golem/internal/logging/default.go:6.13,12.2 2 1
github.com/mab-go/golem/internal/logging/default.go:18.38,21.2 2 0
github.com/mab-go/golem/internal/logging/default.go:28.25,30.2 1 0
github.com/mab-go/golem/internal/logging/default.go:35.24,37.2 1 0
github.com/mab-go/golem/internal/logging/default.go:42.24,44.2 1 0
github.com/mab-go/golem/internal/logging/default.go:49.25,51.2 1 0
github.com/mab-go/golem/internal/logging/default.go:56.25,58.2 1 0
github.com/mab-go/golem/internal/logging/default.go:64.25,66.2 1 0
github.com/mab-go/golem/internal/logging/default.go:69.46,71.2 1 0
github.com/mab-go/golem/internal/logging/default.go:74.39,76.2 1 0
github.com/mab-go/golem/internal/logging/default.go:80.34,82.2 1 0
github.com/mab-go/golem/internal/logging/level.go:43.32,44.11 1 0
github.com/mab-go/golem/internal/logging/level.go:45.18,46.17 1 0
github.com/mab-go/golem/internal/logging/level.go:47.18,48.17 1 0
github.com/mab-go/golem/internal/logging/level.go:49.18,50.17 1 0
github.com/mab-go/golem/internal/logging/level.go:51.17,52.16 1 0
github.com/mab-go/golem/internal/logging/level.go:53.17,54.16 1 0
github.com/mab-go/golem/internal/logging/level.go:55.18,56.17 1 0
github.com/mab-go/golem/internal/logging/level.go:57.10,58.52 1 0
github.com/mab-go/golem/internal/logging/level.go:62.43,63.11 1 12
github.com/mab-go/golem/internal/logging/level.go:64.18,65.27 1 0
github.com/mab-go/golem/internal/logging/level.go:66.18,67.27 1 0
github.com/mab-go/golem/internal/logging/level.go:68.18,69.27 1 0
github.com/mab-go/golem/internal/logging/level.go:70.17,71.26 1 0
github.com/mab-go/golem/internal/logging/level.go:72.17,73.26 1 0
github.com/mab-go/golem/internal/logging/level.go:74.18,75.27 1 12
github.com/mab-go/golem/internal/logging/level.go:76.10,77.52 1 0
github.com/mab-go/golem/internal/logging/logging.go:26.38,31.19 4 12
github.com/mab-go/golem/internal/logging/logging.go:31.19,33.3 1 1
github.com/mab-go/golem/internal/logging/logging.go:35.2,40.51 3 12
github.com/mab-go/golem/internal/logging/logging.go:48.32,50.2 1 1
github.com/mab-go/golem/internal/logging/logging.go:58.45,61.2 2 2
github.com/mab-go/golem/internal/logging/logging.go:66.44,69.2 2 6
github.com/mab-go/golem/internal/logging/logging.go:74.44,77.2 2 1
github.com/mab-go/golem/internal/logging/logging.go:82.45,85.2 2 2
github.com/mab-go/golem/internal/logging/logging.go:90.45,93.2 2 0
github.com/mab-go/golem/internal/logging/logging.go:98.45,101.2 2 0
github.com/mab-go/golem/internal/logging/logging.go:106.74,107.19 1 11
github.com/mab-go/golem/internal/logging/logging.go:107.19,108.35 1 10
github.com/mab-go/golem/internal/logging/logging.go:108.35,111.4 2 9
github.com/mab-go/golem/internal/logging/logging.go:113.2,113.24 1 2
github.com/mab-go/golem/internal/logging/logging.go:117.66,119.2 1 1
github.com/mab-go/golem/internal/logging/logging.go:122.59,124.2 1 1
github.com/mab-go/golem/internal/logging/logging.go:127.54,129.2 1 1
github.com/mab-go/golem/internal/logging/logging.go:132.40,134.2 1 0
github.com/mab-go/golem/internal/logging/tui.go:31.43,36.2 1 11
github.com/mab-go/golem/internal/logging/tui.go:40.42,40.72 1 1
github.com/mab-go/golem/internal/logging/tui.go:41.42,41.71 1 110
github.com/mab-go/golem/internal/logging/tui.go:42.42,42.71 1 1
github.com/mab-go/golem/internal/logging/tui.go:43.42,43.72 1 2
github.com/mab-go/golem/internal/logging/tui.go:45.42,48.2 2 0
github.com/mab-go/golem/internal/logging/tui.go:50.42,52.25 2 1
github.com/mab-go/golem/internal/logging/tui.go:55.63,60.2 1 106
github.com/mab-go/golem/internal/logging/tui.go:62.56,69.2 3 1
github.com/mab-go/golem/internal/logging/tui.go:71.51,73.2 1 1
github.com/mab-go/golem/internal/logging/tui.go:75.37,80.2 1 1
github.com/mab-go/golem/internal/logging/tui.go:82.53,91.2 2 115
github.com/mab-go/golem/internal/logging/tui.go:93.81,94.19 1 115
github.com/mab-go/golem/internal/logging/tui.go:94.19,95.35 1 115
github.com/mab-go/golem/internal/logging/tui.go:95.35,98.22 3 2
github.com/mab-go/golem/internal/logging/tui.go:98.22,101.5 2 1
github.com/mab-go/golem/internal/logging/tui.go:104.2,105.8 2 114
github.com/mab-go/golem/internal/logging/tui.go:108.36,109.20 1 115
github.com/mab-go/golem/internal/logging/tui.go:109.20,111.3 1 0
github.com/mab-go/golem/internal/logging/tui.go:112.2,112.20 1 115
github.com/mab-go/golem/internal/logging/tui.go:112.20,114.3 1 114
github.com/mab-go/golem/internal/logging/tui.go:115.2,115.40 1 1
github.com/mab-go/golem/internal/logging/tui.go:115.40,117.3 1 1
github.com/mab-go/golem/internal/logging/tui.go:118.2,118.28 1 0
github.com/mab-go/golem/internal/logging/tui.go:121.43,125.2 3 117
github.com/mab-go/golem/internal/logging/tui.go:127.68,132.2 4 106
github.com/mab-go/golem/internal/memory/manager.go:48.40,49.15 1 7
github.com/mab-go/golem/internal/memory/manager.go:49.15,51.3 1 0
github.com/mab-go/golem/internal/memory/manager.go:52.2,52.48 1 7
github.com/mab-go/golem/internal/memory/manager.go:52.48,54.3 1 0
github.com/mab-go/golem/internal/memory/manager.go:55.2,56.45 2 7
github.com/mab-go/golem/internal/memory/manager.go:56.45,58.3 1 0
github.com/mab-go/golem/internal/memory/manager.go:59.2,59.15 1 7
github.com/mab-go/golem/internal/memory/manager.go:62.44,63.39 1 7
github.com/mab-go/golem/internal/memory/manager.go:63.39,65.42 2 35
github.com/mab-go/golem/internal/memory/manager.go:65.42,66.12 1 1
github.com/mab-go/golem/internal/memory/manager.go:67.9,67.33 1 34
github.com/mab-go/golem/internal/memory/manager.go:67.33,69.4 1 0
github.com/mab-go/golem/internal/memory/manager.go:70.3,70.65 1 34
github.com/mab-go/golem/internal/memory/manager.go:70.65,72.4 1 0
github.com/mab-go/golem/internal/memory/manager.go:74.2,74.12 1 7
github.com/mab-go/golem/internal/memory/manager.go:78.32,78.48 1 1
github.com/mab-go/golem/internal/memory/manager.go:80.57,82.16 2 5
github.com/mab-go/golem/internal/memory/manager.go:82.16,83.25 1 0
github.com/mab-go/golem/internal/memory/manager.go:83.25,85.4 1 0
github.com/mab-go/golem/internal/memory/manager.go:86.3,86.50 1 0
github.com/mab-go/golem/internal/memory/manager.go:88.2,88.26 1 5
github.com/mab-go/golem/internal/memory/manager.go:93.44,99.58 5 1
github.com/mab-go/golem/internal/memory/manager.go:99.58,101.3 1 0
github.com/mab-go/golem/internal/memory/manager.go:102.2,102.54 1 1
github.com/mab-go/golem/internal/memory/manager.go:102.54,104.3 1 0
github.com/mab-go/golem/internal/memory/manager.go:105.2,105.72 1 1
github.com/mab-go/golem/internal/memory/manager.go:105.72,107.3 1 0
github.com/mab-go/golem/internal/memory/manager.go:108.2,108.72 1 1
github.com/mab-go/golem/internal/memory/manager.go:108.72,110.3 1 0
github.com/mab-go/golem/internal/memory/manager.go:111.2,111.56 1 1
github.com/mab-go/golem/internal/memory/manager.go:111.56,113.3 1 0
github.com/mab-go/golem/internal/memory/manager.go:114.2,114.15 1 1
github.com/mab-go/golem/internal/memory/manager.go:119.52,129.16 8 2
github.com/mab-go/golem/internal/memory/manager.go:129.16,131.3 1 0
github.com/mab-go/golem/internal/memory/manager.go:132.2,132.49 1 2
github.com/mab-go/golem/internal/memory/manager.go:132.49,135.3 2 0
github.com/mab-go/golem/internal/memory/manager.go:136.2,136.34 1 2
github.com/mab-go/golem/internal/memory/manager.go:136.34,138.3 1 0
github.com/mab-go/golem/internal/memory/manager.go:139.2,139.12 1 2
github.com/mab-go/golem/internal/memory/manager.go:143.53,145.2 1 1
github.com/mab-go/golem/internal/memory/manager.go:148.62,150.2 1 1
github.com/mab-go/golem/internal/memory/manager.go:155.67,156.19 1 2
github.com/mab-go/golem/internal/memory/manager.go:156.19,158.3 1 0
github.com/mab-go/golem/internal/memory/manager.go:159.2,160.48 2 2
github.com/mab-go/golem/internal/memory/manager.go:160.48,162.3 1 1
github.com/mab-go/golem/internal/memory/manager.go:163.2,164.16 2 1
github.com/mab-go/golem/internal/memory/manager.go:164.16,166.3 1 0
github.com/mab-go/golem/internal/memory/manager.go:167.2,167.64 1 1
github.com/mab-go/golem/internal/memory/manager.go:171.54,173.2 1 1
github.com/mab-go/golem/internal/memory/manager.go:175.63,181.16 5 4
github.com/mab-go/golem/internal/memory/manager.go:181.16,183.3 1 0
github.com/mab-go/golem/internal/memory/manager.go:184.2,185.15 2 4
github.com/mab-go/golem/internal/memory/manager.go:185.15,187.3 1 4
github.com/mab-go/golem/internal/memory/manager.go:188.2,188.43 1 4
github.com/mab-go/golem/internal/memory/manager.go:188.43,191.3 2 0
github.com/mab-go/golem/internal/memory/manager.go:192.2,192.36 1 4
github.com/mab-go/golem/internal/memory/manager.go:192.36,194.3 1 0
github.com/mab-go/golem/internal/memory/manager.go:195.2,195.49 1 4
github.com/mab-go/golem/internal/memory/manager.go:195.49,197.3 1 0
github.com/mab-go/golem/internal/memory/manager.go:198.2,198.12 1 4
github.com/mab-go/golem/internal/memory/manager.go:201.45,202.32 1 3
github.com/mab-go/golem/internal/memory/manager.go:202.32,204.3 1 0
github.com/mab-go/golem/internal/memory/manager.go:205.2,205.17 1 3
github.com/mab-go/golem/internal/perception/entity.go:16.41,17.11 1 5
github.com/mab-go/golem/internal/perception/entity.go:18.22,19.19 1 1
github.com/mab-go/golem/internal/perception/entity.go:20.23,21.19 1 1
github.com/mab-go/golem/internal/perception/entity.go:22.23,23.19 1 1
github.com/mab-go/golem/internal/perception/entity.go:24.23,25.19 1 1
github.com/mab-go/golem/internal/perception/entity.go:26.10,27.19 1 1
github.com/mab-go/golem/internal/perception/entity.go:54.55,56.19 2 55
github.com/mab-go/golem/internal/perception/entity.go:56.19,58.3 1 2
github.com/mab-go/golem/internal/perception/entity.go:59.2,59.34 1 53
github.com/mab-go/golem/internal/perception/entity.go:59.34,61.3 1 34
github.com/mab-go/golem/internal/perception/entity.go:62.2,62.34 1 19
github.com/mab-go/golem/internal/perception/entity.go:62.34,64.3 1 8
github.com/mab-go/golem/internal/perception/entity.go:65.2,65.24 1 11
github.com/mab-go/golem/internal/perception/formatter.go:27.44,28.47 1 4
github.com/mab-go/golem/internal/perception/formatter.go:29.19,30.26 1 2
github.com/mab-go/golem/internal/perception/formatter.go:31.20,32.31 1 1
github.com/mab-go/golem/internal/perception/formatter.go:33.10,34.92 1 1
github.com/mab-go/golem/internal/perception/formatter.go:52.54,53.47 1 3
github.com/mab-go/golem/internal/perception/formatter.go:54.22,55.32 1 1
github.com/mab-go/golem/internal/perception/formatter.go:56.17,57.31 1 1
github.com/mab-go/golem/internal/perception/formatter.go:58.15,59.29 1 1
github.com/mab-go/golem/internal/perception/formatter.go:60.10,61.96 1 0
github.com/mab-go/golem/internal/perception/formatter.go:66.40,67.11 1 0
github.com/mab-go/golem/internal/perception/formatter.go:68.24,69.19 1 0
github.com/mab-go/golem/internal/perception/formatter.go:70.22,71.17 1 0
github.com/mab-go/golem/internal/perception/formatter.go:72.10,73.20 1 0
github.com/mab-go/golem/internal/perception/formatter.go:89.57,91.2 1 14
github.com/mab-go/golem/internal/perception/formatter.go:94.51,96.2 1 0
github.com/mab-go/golem/internal/perception/formatter.go:109.61,110.15 1 3
github.com/mab-go/golem/internal/perception/formatter.go:110.15,112.3 1 1
github.com/mab-go/golem/internal/perception/formatter.go:113.2,115.18 3 2
github.com/mab-go/golem/internal/perception/formatter.go:115.18,117.3 1 1
github.com/mab-go/golem/internal/perception/formatter.go:117.8,119.3 1 1
github.com/mab-go/golem/internal/perception/formatter.go:120.2,120.22 1 2
github.com/mab-go/golem/internal/perception/formatter.go:120.22,122.3 1 1
github.com/mab-go/golem/internal/perception/formatter.go:123.2,124.13 2 2
github.com/mab-go/golem/internal/perception/formatter.go:128.78,129.14 1 5
github.com/mab-go/golem/internal/perception/formatter.go:129.14,131.3 1 1
github.com/mab-go/golem/internal/perception/formatter.go:132.2,132.34 1 4
github.com/mab-go/golem/internal/perception/formatter.go:132.34,134.3 1 1
github.com/mab-go/golem/internal/perception/formatter.go:135.2,135.48 1 3
github.com/mab-go/golem/internal/perception/formatter.go:140.74,141.14 1 1
github.com/mab-go/golem/internal/perception/formatter.go:141.14,143.3 1 0
github.com/mab-go/golem/internal/perception/formatter.go:144.2,150.48 2 1
github.com/mab-go/golem/internal/perception/formatter.go:150.48,152.3 1 1
github.com/mab-go/golem/internal/perception/formatter.go:153.2,153.46 1 1
github.com/mab-go/golem/internal/perception/formatter.go:153.46,155.3 1 0
github.com/mab-go/golem/internal/perception/formatter.go:156.2,156.24 1 1
github.com/mab-go/golem/internal/perception/formatter.go:156.24,158.31 2 1
github.com/mab-go/golem/internal/perception/formatter.go:158.31,160.4 1 1
github.com/mab-go/golem/internal/perception/formatter.go:161.3,161.61 1 1
github.com/mab-go/golem/internal/perception/formatter.go:162.8,164.3 1 0
github.com/mab-go/golem/internal/perception/formatter.go:165.2,165.22 1 1
github.com/mab-go/golem/internal/perception/formatter.go:165.22,167.3 1 1
github.com/mab-go/golem/internal/perception/formatter.go:168.2,168.35 1 1
github.com/mab-go/golem/internal/perception/formatter.go:173.74,174.16 1 1
github.com/mab-go/golem/internal/perception/formatter.go:174.16,176.3 1 0
github.com/mab-go/golem/internal/perception/formatter.go:177.2,178.25 2 1
github.com/mab-go/golem/internal/perception/formatter.go:178.25,180.3 1 0
github.com/mab-go/golem/internal/perception/formatter.go:180.8,182.3 1 1
github.com/mab-go/golem/internal/perception/formatter.go:183.2,184.29 2 1
github.com/mab-go/golem/internal/perception/formatter.go:184.29,186.36 2 1
github.com/mab-go/golem/internal/perception/formatter.go:186.36,188.4 1 1
github.com/mab-go/golem/internal/perception/formatter.go:189.3,189.61 1 1
github.com/mab-go/golem/internal/perception/formatter.go:191.2,191.35 1 1
github.com/mab-go/golem/internal/perception/formatter.go:191.35,193.42 2 1
github.com/mab-go/golem/internal/perception/formatter.go:193.42,195.31 2 2
github.com/mab-go/golem/internal/perception/formatter.go:195.31,197.5 1 0
github.com/mab-go/golem/internal/perception/formatter.go:198.4,198.74 1 2
github.com/mab-go/golem/internal/perception/formatter.go:200.3,200.63 1 1
github.com/mab-go/golem/internal/perception/formatter.go:202.2,202.19 1 1
github.com/mab-go/golem/internal/perception/formatter.go:220.77,221.22 1 2
github.com/mab-go/golem/internal/perception/formatter.go:221.22,223.3 1 1
github.com/mab-go/golem/internal/perception/formatter.go:225.2,231.41 5 1
github.com/mab-go/golem/internal/perception/formatter.go:231.41,232.36 1 3
github.com/mab-go/golem/internal/perception/formatter.go:232.36,233.23 1 2
github.com/mab-go/golem/internal/perception/formatter.go:233.23,234.13 1 0
github.com/mab-go/golem/internal/perception/formatter.go:236.4,237.18 2 2
github.com/mab-go/golem/internal/perception/formatter.go:237.18,239.5 1 0
github.com/mab-go/golem/internal/perception/formatter.go:240.4,244.42 3 2
github.com/mab-go/golem/internal/perception/formatter.go:244.42,246.5 1 2
github.com/mab-go/golem/internal/perception/formatter.go:247.4,247.56 1 2
github.com/mab-go/golem/internal/perception/formatter.go:250.2,256.44 5 1
github.com/mab-go/golem/internal/perception/formatter.go:261.65,262.22 1 2
github.com/mab-go/golem/internal/perception/formatter.go:262.22,264.3 1 1
github.com/mab-go/golem/internal/perception/formatter.go:267.2,269.48 3 1
github.com/mab-go/golem/internal/perception/formatter.go:269.48,271.3 1 3
github.com/mab-go/golem/internal/perception/formatter.go:273.2,281.28 4 1
github.com/mab-go/golem/internal/perception/formatter.go:281.28,282.21 1 3
github.com/mab-go/golem/internal/perception/formatter.go:282.21,284.4 1 1
github.com/mab-go/golem/internal/perception/formatter.go:285.3,287.17 3 2
github.com/mab-go/golem/internal/perception/formatter.go:287.17,289.4 1 0
github.com/mab-go/golem/internal/perception/formatter.go:290.3,290.18 1 2
github.com/mab-go/golem/internal/perception/formatter.go:290.18,292.4 1 1
github.com/mab-go/golem/internal/perception/formatter.go:292.9,294.4 1 1
github.com/mab-go/golem/internal/perception/formatter.go:297.2,298.28 2 1
github.com/mab-go/golem/internal/perception/formatter.go:298.28,301.40 3 4
github.com/mab-go/golem/internal/perception/formatter.go:301.40,303.12 2 2
github.com/mab-go/golem/internal/perception/formatter.go:305.3,306.36 2 2
github.com/mab-go/golem/internal/perception/formatter.go:308.2,310.44 2 1
github.com/mab-go/golem/internal/perception/formatter.go:313.39,314.14 1 8
github.com/mab-go/golem/internal/perception/formatter.go:314.14,316.3 1 1
github.com/mab-go/golem/internal/perception/formatter.go:317.2,318.21 2 7
github.com/mab-go/golem/internal/perception/formatter.go:318.21,320.3 1 6
github.com/mab-go/golem/internal/perception/formatter.go:321.2,321.66 1 7
github.com/mab-go/golem/internal/perception/formatter.go:324.48,327.2 2 2
github.com/mab-go/golem/internal/perception/formatter.go:331.85,333.17 2 3
github.com/mab-go/golem/internal/perception/formatter.go:333.17,335.3 1 0
github.com/mab-go/golem/internal/perception/formatter.go:336.2,337.21 2 3
github.com/mab-go/golem/internal/perception/formatter.go:337.21,339.3 1 0
github.com/mab-go/golem/internal/perception/formatter.go:340.2,342.11 2 3
github.com/mab-go/golem/internal/perception/formatter.go:343.22,344.57 1 1
github.com/mab-go/golem/internal/perception/formatter.go:345.24,346.59 1 1
github.com/mab-go/golem/internal/perception/formatter.go:347.10,348.60 1 1
github.com/mab-go/golem/internal/perception/formatter.go:352.58,353.9 1 3
github.com/mab-go/golem/internal/perception/formatter.go:354.22,355.26 1 0
github.com/mab-go/golem/internal/perception/formatter.go:356.19,357.16 1 0
github.com/mab-go/golem/internal/perception/formatter.go:358.10,359.17 1 3
github.com/mab-go/golem/internal/perception/formatter.go:363.96,368.2 1 1
github.com/mab-go/golem/internal/perception/formatter.go:370.98,374.31 3 1
github.com/mab-go/golem/internal/perception/formatter.go:374.31,376.3 1 1
github.com/mab-go/golem/internal/perception/formatter.go:376.8,378.3 1 0
github.com/mab-go/golem/internal/perception/formatter.go:379.2,379.30 1 1
github.com/mab-go/golem/internal/perception/formatter.go:379.30,381.3 1 1
github.com/mab-go/golem/internal/perception/formatter.go:382.2,382.53 1 1
github.com/mab-go/golem/internal/perception/formatter.go:382.53,384.3 1 0
github.com/mab-go/golem/internal/perception/formatter.go:385.2,385.19 1 1
github.com/mab-go/golem/internal/perception/formatter.go:388.99,392.80 3 1
github.com/mab-go/golem/internal/perception/formatter.go:392.80,394.3 1 1
github.com/mab-go/golem/internal/perception/formatter.go:395.2,395.74 1 1
github.com/mab-go/golem/internal/perception/formatter.go:395.74,397.3 1 1
github.com/mab-go/golem/internal/perception/formatter.go:398.2,398.53 1 1
github.com/mab-go/golem/internal/perception/formatter.go:398.53,400.3 1 0
github.com/mab-go/golem/internal/perception/formatter.go:401.2,401.19 1 1
github.com/mab-go/golem/internal/perception/formatter.go:406.73,412.23 4 1
github.com/mab-go/golem/internal/perception/formatter.go:412.23,414.3 1 1
github.com/mab-go/golem/internal/perception/formatter.go:415.2,416.31 2 1
github.com/mab-go/golem/internal/perception/formatter.go:416.31,418.3 1 1
github.com/mab-go/golem/internal/perception/formatter.go:418.8,420.3 1 0
github.com/mab-go/golem/internal/perception/formatter.go:421.2,421.30 1 1
github.com/mab-go/golem/internal/perception/formatter.go:421.30,423.3 1 1
github.com/mab-go/golem/internal/perception/formatter.go:423.8,425.3 1 0
github.com/mab-go/golem/internal/perception/formatter.go:426.2,426.19 1 1
github.com/mab-go/golem/internal/perception/formatter.go:431.87,433.28 2 1
github.com/mab-go/golem/internal/perception/formatter.go:433.28,435.3 1 4
github.com/mab-go/golem/internal/perception/formatter.go:436.2,436.10 1 1
github.com/mab-go/golem/internal/perception/formatter.go:439.72,440.25 1 1
github.com/mab-go/golem/internal/perception/formatter.go:440.25,442.47 2 3
github.com/mab-go/golem/internal/perception/formatter.go:442.47,443.54 1 1
github.com/mab-go/golem/internal/perception/formatter.go:443.54,445.5 1 0
github.com/mab-go/golem/internal/perception/formatter.go:446.4,446.62 1 1
github.com/mab-go/golem/internal/perception/formatter.go:448.3,448.21 1 3
github.com/mab-go/golem/internal/perception/formatter.go:452.59,453.22 1 1
github.com/mab-go/golem/internal/perception/formatter.go:453.22,455.3 1 0
github.com/mab-go/golem/internal/perception/formatter.go:456.2,458.28 3 1
github.com/mab-go/golem/internal/perception/formatter.go:458.28,459.22 1 2
github.com/mab-go/golem/internal/perception/formatter.go:459.22,460.12 1 0
github.com/mab-go/golem/internal/perception/formatter.go:462.3,463.33 2 2
github.com/mab-go/golem/internal/perception/formatter.go:463.33,465.4 1 2
github.com/mab-go/golem/internal/perception/formatter.go:466.3,466.13 1 2
github.com/mab-go/golem/internal/perception/formatter.go:468.2,469.26 2 1
github.com/mab-go/golem/internal/perception/formatter.go:469.26,471.3 1 2
github.com/mab-go/golem/internal/perception/formatter.go:472.2,472.89 1 1
github.com/mab-go/golem/internal/perception/formatter.go:475.55,479.27 4 1
github.com/mab-go/golem/internal/perception/formatter.go:479.27,480.40 1 3
github.com/mab-go/golem/internal/perception/formatter.go:480.40,482.4 1 2
github.com/mab-go/golem/internal/perception/formatter.go:483.3,484.27 2 3
github.com/mab-go/golem/internal/perception/formatter.go:484.27,486.17 2 1
github.com/mab-go/golem/internal/perception/formatter.go:486.17,488.5 1 1
github.com/mab-go/golem/internal/perception/formatter.go:491.2,493.26 3 1
github.com/mab-go/golem/internal/perception/formatter.go:493.26,495.3 1 2
github.com/mab-go/golem/internal/perception/formatter.go:496.2,496.34 1 1
github.com/mab-go/golem/internal/perception/formatter.go:499.40,500.14 1 3
github.com/mab-go/golem/internal/perception/formatter.go:500.14,502.3 1 0
github.com/mab-go/golem/internal/perception/formatter.go:503.2,503.55 1 3
github.com/mab-go/golem/internal/perception/formatter.go:506.57,507.9 1 1
github.com/mab-go/golem/internal/perception/formatter.go:508.22,509.22 1 0
github.com/mab-go/golem/internal/perception/formatter.go:510.19,511.19 1 0
github.com/mab-go/golem/internal/perception/formatter.go:512.10,513.17 1 1
github.com/mab-go/golem/internal/perception/formatter.go:517.49,518.13 1 4
github.com/mab-go/golem/internal/perception/formatter.go:518.13,520.3 1 0
github.com/mab-go/golem/internal/perception/formatter.go:521.2,521.10 1 4
github.com/mab-go/golem/internal/perception/formatter.go:524.63,525.24 1 2
github.com/mab-go/golem/internal/perception/formatter.go:525.24,527.3 1 0
github.com/mab-go/golem/internal/perception/formatter.go:528.2,530.29 3 2
github.com/mab-go/golem/internal/perception/formatter.go:530.29,531.35 1 6
github.com/mab-go/golem/internal/perception/formatter.go:531.35,533.4 1 4
github.com/mab-go/golem/internal/perception/formatter.go:534.3,534.19 1 6
github.com/mab-go/golem/internal/perception/formatter.go:536.2,537.24 2 2
github.com/mab-go/golem/internal/perception/formatter.go:537.24,539.3 1 0
github.com/mab-go/golem/internal/perception/formatter.go:540.2,541.26 2 2
github.com/mab-go/golem/internal/perception/formatter.go:541.26,543.3 1 4
github.com/mab-go/golem/internal/perception/formatter.go:544.2,544.34 1 2
github.com/mab-go/golem/internal/perception/formatter.go:547.51,549.29 2 1
github.com/mab-go/golem/internal/perception/formatter.go:549.29,551.39 2 3
github.com/mab-go/golem/internal/perception/formatter.go:551.39,553.4 1 0
github.com/mab-go/golem/internal/perception/formatter.go:554.3,554.84 1 3
github.com/mab-go/golem/internal/perception/formatter.go:556.2,556.34 1 1
github.com/mab-go/golem/internal/perception/formatter.go:559.57,567.29 4 1
github.com/mab-go/golem/internal/perception/formatter.go:567.29,569.10 2 3
github.com/mab-go/golem/internal/perception/formatter.go:569.10,573.4 3 2
github.com/mab-go/golem/internal/perception/formatter.go:574.3,575.29 2 3
github.com/mab-go/golem/internal/perception/formatter.go:575.29,577.4 1 0
github.com/mab-go/golem/internal/perception/formatter.go:579.2,581.26 3 1
github.com/mab-go/golem/internal/perception/formatter.go:581.26,584.3 2 2
github.com/mab-go/golem/internal/perception/formatter.go:585.2,585.34 1 1
github.com/mab-go/golem/internal/perception/formatter.go:588.59,589.22 1 2
github.com/mab-go/golem/internal/perception/formatter.go:589.22,591.3 1 0
github.com/mab-go/golem/internal/perception/formatter.go:592.2,594.29 3 2
github.com/mab-go/golem/internal/perception/formatter.go:594.29,595.37 1 4
github.com/mab-go/golem/internal/perception/formatter.go:595.37,597.4 1 2
github.com/mab-go/golem/internal/perception/formatter.go:598.3,598.21 1 4
github.com/mab-go/golem/internal/perception/formatter.go:600.2,601.24 2 2
github.com/mab-go/golem/internal/perception/formatter.go:601.24,603.3 1 0
github.com/mab-go/golem/internal/perception/formatter.go:604.2,605.26 2 2
github.com/mab-go/golem/internal/perception/formatter.go:605.26,607.3 1 2
github.com/mab-go/golem/internal/perception/formatter.go:608.2,608.34 1 2
github.com/mab-go/golem/internal/perception/formatter.go:611.47,613.29 2 1
github.com/mab-go/golem/internal/perception/formatter.go:613.29,615.3 1 2
github.com/mab-go/golem/internal/perception/formatter.go:616.2,616.34 1 1
github.com/mab-go/golem/internal/perception/formatter.go:619.53,627.29 4 1
github.com/mab-go/golem/internal/perception/formatter.go:627.29,629.10 2 2
github.com/mab-go/golem/internal/perception/formatter.go:629.10,633.4 3 1
github.com/mab-go/golem/internal/perception/formatter.go:634.3,635.31 2 2
github.com/mab-go/golem/internal/perception/formatter.go:635.31,637.4 1 0
github.com/mab-go/golem/internal/perception/formatter.go:639.2,641.26 3 1
github.com/mab-go/golem/internal/perception/formatter.go:641.26,644.3 2 1
github.com/mab-go/golem/internal/perception/formatter.go:645.2,645.34 1 1
github.com/mab-go/golem/internal/task/manager.go:48.142,49.18 1 8
github.com/mab-go/golem/internal/task/manager.go:49.18,51.3 1 0
github.com/mab-go/golem/internal/task/manager.go:52.2,58.3 1 8
github.com/mab-go/golem/internal/task/manager.go:62.36,66.2 3 8
github.com/mab-go/golem/internal/task/manager.go:69.40,72.22 3 1
github.com/mab-go/golem/internal/task/manager.go:72.22,74.3 1 0
github.com/mab-go/golem/internal/task/manager.go:75.2,75.23 1 1
github.com/mab-go/golem/internal/task/manager.go:82.75,84.2 1 8
github.com/mab-go/golem/internal/task/manager.go:91.122,93.22 2 8
github.com/mab-go/golem/internal/task/manager.go:93.22,97.3 3 1
github.com/mab-go/golem/internal/task/manager.go:98.2,108.12 5 7
github.com/mab-go/golem/internal/task/manager.go:113.36,116.15 3 2
github.com/mab-go/golem/internal/task/manager.go:116.15,119.3 2 1
github.com/mab-go/golem/internal/task/manager.go:120.2,124.9 4 1
github.com/mab-go/golem/internal/task/manager.go:125.17,125.17 0 1
github.com/mab-go/golem/internal/task/manager.go:126.37,126.37 0 0
github.com/mab-go/golem/internal/task/manager.go:128.2,128.43 1 1
github.com/mab-go/golem/internal/task/manager.go:133.52,136.22 3 2
github.com/mab-go/golem/internal/task/manager.go:136.22,138.3 1 1
github.com/mab-go/golem/internal/task/manager.go:139.2,145.3 1 1
github.com/mab-go/golem/internal/task/manager.go:150.96,154.6 3 7
github.com/mab-go/golem/internal/task/manager.go:154.6,155.10 1 8
github.com/mab-go/golem/internal/task/manager.go:156.23,159.12 3 6
github.com/mab-go/golem/internal/task/manager.go:159.12,161.5 1 5
github.com/mab-go/golem/internal/task/manager.go:163.21,164.30 1 2
github.com/mab-go/golem/internal/task/manager.go:164.30,166.5 1 0
github.com/mab-go/golem/internal/task/manager.go:167.4,168.63 2 2
github.com/mab-go/golem/internal/task/manager.go:168.63,170.5 1 1
github.com/mab-go/golem/internal/task/manager.go:171.4,174.10 4 2
github.com/mab-go/golem/internal/task/manager.go:179.132,180.9 1 6
github.com/mab-go/golem/internal/task/manager.go:180.9,183.3 2 1
github.com/mab-go/golem/internal/task/manager.go:184.2,184.19 1 5
github.com/mab-go/golem/internal/task/manager.go:184.19,190.3 4 1
github.com/mab-go/golem/internal/task/manager.go:191.2,192.14 2 4
github.com/mab-go/golem/internal/task/manager.go:192.14,194.3 1 0
github.com/mab-go/golem/internal/task/manager.go:195.2,195.20 1 4
github.com/mab-go/golem/internal/task/manager.go:195.20,197.3 1 2
github.com/mab-go/golem/internal/task/manager.go:199.2,202.21 4 4
github.com/mab-go/golem/internal/task/manager.go:202.21,204.3 1 4
github.com/mab-go/golem/internal/task/manager.go:205.2,207.26 2 4
github.com/mab-go/golem/internal/task/manager.go:207.26,213.3 5 3
github.com/mab-go/golem/internal/task/manager.go:215.2,217.24 3 1
github.com/mab-go/golem/internal/task/manager.go:220.81,221.23 1 1
github.com/mab-go/golem/internal/task/manager.go:221.23,224.3 1 1
github.com/mab-go/golem/internal/task/manager.go:225.2,225.20 1 1
github.com/mab-go/golem/internal/task/manager.go:228.48,230.21 2 7
github.com/mab-go/golem/internal/task/manager.go:230.21,232.3 1 7
github.com/mab-go/golem/internal/task/manager.go:233.2,235.13 3 7
github.com/mab-go/golem/internal/task/manager.go:238.85,245.2 1 8
github.com/mab-go/golem/internal/task/manager.go:247.39,248.11 1 7
github.com/mab-go/golem/internal/task/manager.go:249.93,250.14 1 3
github.com/mab-go/golem/internal/task/manager.go:252.2,252.14 1 4
github.com/mab-go/golem/internal/task/manager.go:255.46,256.11 1 3
github.com/mab-go/golem/internal/task/manager.go:257.36,258.21 1 3
github.com/mab-go/golem/internal/task/manager.go:259.33,260.18 1 0
github.com/mab-go/golem/internal/task/manager.go:261.36,262.21 1 0
github.com/mab-go/golem/internal/task/manager.go:263.10,264.19 1 0
github.com/mab-go/golem/cmd/golem/main.go:34.43,36.4 1 0
github.com/mab-go/golem/cmd/golem/main.go:56.13,57.28 1 0
github.com/mab-go/golem/cmd/golem/main.go:57.28,60.3 2 0
github.com/mab-go/golem/cmd/golem/main.go:61.2,118.32 48 0
github.com/mab-go/golem/cmd/golem/main.go:121.79,124.2 2 0
github.com/mab-go/golem/cmd/golem/main.go:126.13,127.38 1 0
github.com/mab-go/golem/cmd/golem/main.go:127.38,129.3 1 0
github.com/mab-go/golem/cmd/golem/main.go:152.45,154.16 2 0
github.com/mab-go/golem/cmd/golem/main.go:154.16,156.3 1 0
github.com/mab-go/golem/cmd/golem/main.go:158.2,159.18 2 0
github.com/mab-go/golem/cmd/golem/main.go:159.18,161.3 1 0
github.com/mab-go/golem/cmd/golem/main.go:162.2,162.18 1 0
github.com/mab-go/golem/cmd/golem/main.go:162.18,164.3 1 0
github.com/mab-go/golem/cmd/golem/main.go:166.2,180.8 1 0
github.com/mab-go/golem/cmd/golem/main.go:183.51,185.16 2 0
github.com/mab-go/golem/cmd/golem/main.go:186.30,186.30 0 0
github.com/mab-go/golem/cmd/golem/main.go:187.10,188.90 1 0
github.com/mab-go/golem/cmd/golem/main.go:191.2,192.16 2 0
github.com/mab-go/golem/cmd/golem/main.go:192.16,194.3 1 0
github.com/mab-go/golem/cmd/golem/main.go:196.2,209.16 5 0
github.com/mab-go/golem/cmd/golem/main.go:209.16,211.3 1 0
github.com/mab-go/golem/cmd/golem/main.go:212.2,212.15 1 0
github.com/mab-go/golem/cmd/golem/main.go:212.15,212.37 1 0
github.com/mab-go/golem/cmd/golem/main.go:214.2,216.57 3 0
github.com/mab-go/golem/cmd/golem/main.go:216.57,218.3 1 0
github.com/mab-go/golem/cmd/golem/main.go:220.2,221.16 2 0
github.com/mab-go/golem/cmd/golem/main.go:221.16,223.3 1 0
github.com/mab-go/golem/cmd/golem/main.go:225.2,253.20 8 0
github.com/mab-go/golem/cmd/golem/main.go:256.67,262.2 5 0
github.com/mab-go/golem/cmd/golem/main.go:277.62,278.16 1 0
github.com/mab-go/golem/cmd/golem/main.go:278.16,280.3 1 0
github.com/mab-go/golem/cmd/golem/main.go:281.2,281.43 1 0
github.com/mab-go/golem/cmd/golem/main.go:284.57,290.16 5 0
github.com/mab-go/golem/cmd/golem/main.go:290.16,292.3 1 0
github.com/mab-go/golem/cmd/golem/main.go:293.2,293.15 1 0
github.com/mab-go/golem/cmd/golem/main.go:293.15,293.37 1 0
github.com/mab-go/golem/cmd/golem/main.go:295.2,299.16 4 0
github.com/mab-go/golem/cmd/golem/main.go:299.16,301.3 1 0
github.com/mab-go/golem/cmd/golem/main.go:302.2,318.18 6 0
github.com/mab-go/golem/cmd/golem/main.go:318.18,320.3 1 0
github.com/mab-go/golem/cmd/golem/main.go:321.2,321.12 1 0
github.com/mab-go/golem/cmd/golem/main.go:324.74,328.50 1 0
github.com/mab-go/golem/cmd/golem/main.go:328.50,330.19 2 0
github.com/mab-go/golem/cmd/golem/main.go:330.19,332.6 1 0
github.com/mab-go/golem/cmd/golem/main.go:333.5,333.87 1 0
github.com/mab-go/golem/cmd/golem/main.go:338.50,340.5 1 0
github.com/mab-go/golem/cmd/golem/main.go:344.50,346.5 1 0
github.com/mab-go/golem/cmd/golem/main.go:350.50,352.5 1 0
github.com/mab-go/golem/cmd/golem/main.go:356.50,358.19 2 0
github.com/mab-go/golem/cmd/golem/main.go:358.19,360.6 1 0
github.com/mab-go/golem/cmd/golem/main.go:361.5,362.19 2 0
github.com/mab-go/golem/cmd/golem/main.go:362.19,364.6 1 0
github.com/mab-go/golem/cmd/golem/main.go:365.5,365.68 1 0
github.com/mab-go/golem/cmd/golem/main.go:370.50,377.19 2 0
github.com/mab-go/golem/cmd/golem/main.go:377.19,379.6 1 0
github.com/mab-go/golem/cmd/golem/main.go:380.5,380.94 1 0
github.com/mab-go/golem/cmd/golem/main.go:385.50,389.19 2 0
github.com/mab-go/golem/cmd/golem/main.go:389.19,391.6 1 0
github.com/mab-go/golem/cmd/golem/main.go:392.5,392.25 1 0
github.com/mab-go/golem/cmd/golem/main.go:397.50,399.19 2 0
github.com/mab-go/golem/cmd/golem/main.go:399.19,401.6 1 0
github.com/mab-go/golem/cmd/golem/main.go:402.5,402.29 1 0
github.com/mab-go/golem/cmd/golem/main.go:402.29,404.6 1 0
github.com/mab-go/golem/cmd/golem/main.go:405.5,405.121 1 0
github.com/mab-go/golem/cmd/golem/main.go:410.50,412.19 2 0
github.com/mab-go/golem/cmd/golem/main.go:412.19,414.6 1 0
github.com/mab-go/golem/cmd/golem/main.go:415.5,415.29 1 0
github.com/mab-go/golem/cmd/golem/main.go:415.29,417.6 1 0
github.com/mab-go/golem/cmd/golem/main.go:418.5,418.87 1 0
github.com/mab-go/golem/cmd/golem/main.go:424.61,426.21 2 0
github.com/mab-go/golem/cmd/golem/main.go:426.21,428.3 1 0
github.com/mab-go/golem/cmd/golem/main.go:429.2,429.21 1 0
github.com/mab-go/golem/cmd/golem/main.go:429.21,431.3 1 0
github.com/mab-go/golem/cmd/golem/main.go:432.2,432.26 1 0
github.com/mab-go/golem/cmd/golem/main.go:432.26,434.3 1 0
github.com/mab-go/golem/cmd/golem/main.go:435.2,435.36 1 0
github.com/mab-go/golem/cmd/golem/main.go:438.87,439.29 1 0
github.com/mab-go/golem/cmd/golem/main.go:439.29,444.17 4 0
github.com/mab-go/golem/cmd/golem/main.go:444.17,450.4 2 0
github.com/mab-go/golem/cmd/golem/main.go:450.9,456.4 2 0
github.com/mab-go/golem/cmd/golem/main.go:458.2,458.28 1 0
github.com/mab-go/golem/internal/publisher/nop.go:12.27,12.52 1 0
github.com/mab-go/golem/internal/publisher/nop.go:14.85,14.86 0 0
github.com/mab-go/golem/internal/publisher/nop.go:15.85,15.86 0 0
github.com/mab-go/golem/internal/publisher/nop.go:16.85,16.86 0 0
github.com/mab-go/golem/internal/publisher/nop.go:17.85,17.86 0 0
github.com/mab-go/golem/internal/publisher/nop.go:18.85,18.86 0 0
github.com/mab-go/golem/internal/publisher/nop.go:19.85,19.86 0 0
github.com/mab-go/golem/internal/publisher/nop.go:20.85,20.86 0 0
github.com/mab-go/golem/internal/publisher/nop.go:21.85,21.86 0 0
github.com/mab-go/golem/internal/publisher/nop.go:22.85,22.86 0 0
github.com/mab-go/golem/internal/publisher/nop.go:23.85,23.86 0 0
github.com/mab-go/golem/internal/publisher/nop.go:24.85,24.86 0 0
github.com/mab-go/golem/internal/publisher/nop.go:25.85,25.86 0 0
github.com/mab-go/golem/internal/grpc/client.go:22.49,24.16 2 0
github.com/mab-go/golem/internal/grpc/client.go:24.16,26.3 1 0
github.com/mab-go/golem/internal/grpc/client.go:27.2,30.8 1 0
github.com/mab-go/golem/internal/grpc/client.go:34.32,36.2 1 0
github.com/mab-go/golem/internal/grpc/client.go:39.88,41.2 1 0
github.com/mab-go/golem/internal/grpc/client.go:44.123,49.2 1 0
github.com/mab-go/golem/internal/grpc/client.go:52.116,56.2 1 0
github.com/mab-go/golem/internal/grpc/client.go:59.70,62.2 2 0
github.com/mab-go/golem/internal/grpc/client.go:66.135,70.2 1 0
github.com/mab-go/golem/internal/grpc/client.go:77.117,83.2 1 0
github.com/mab-go/golem/internal/grpc/client.go:86.91,88.2 1 0
github.com/mab-go/golem/internal/grpc/client.go:91.120,97.2 1 0
github.com/mab-go/golem/internal/grpc/client.go:100.92,102.2 1 0
github.com/mab-go/golem/internal/grpc/client.go:105.110,110.2 1 0
github.com/mab-go/golem/internal/grpc/client.go:113.76,115.2 1 0
github.com/mab-go/golem/internal/grpc/client.go:118.102,120.2 1 0
github.com/mab-go/golem/internal/grpc/client.go:123.70,125.2 1 0
github.com/mab-go/golem/internal/grpc/client.go:128.92,130.2 1 0
github.com/mab-go/golem/internal/grpc/client.go:137.109,139.2 1 0
github.com/mab-go/golem/internal/grpc/client.go:142.133,144.2 1 0
github.com/mab-go/golem/internal/grpc/client.go:147.107,149.16 2 0
github.com/mab-go/golem/internal/grpc/client.go:149.16,151.3 1 0
github.com/mab-go/golem/internal/grpc/client.go:152.2,154.16 3 0
github.com/mab-go/golem/internal/grpc/client.go:158.118,160.2 1 0
github.com/mab-go/golem/internal/grpc/client.go:163.142,165.2 1 0
github.com/mab-go/golem/internal/grpc/client.go:168.133,170.2 1 0
github.com/mab-go/golem/internal/grpc/client.go:173.110,178.2 1 0
github.com/mab-go/golem/internal/grpc/client.go:181.123,187.2 1 0
github.com/mab-go/golem/internal/grpc/client.go:190.85,192.2 1 0
github.com/mab-go/golem/internal/grpc/client.go:199.96,201.2 1 0
github.com/mab-go/golem/internal/grpc/client.go:204.112,206.2 1 0
github.com/mab-go/golem/internal/grpc/client.go:209.88,211.2 1 0
github.com/mab-go/golem/internal/grpc/client.go:214.100,216.2 1 0
github.com/mab-go/golem/internal/grpc/client.go:219.115,221.2 1 0
github.com/mab-go/golem/internal/grpc/client.go:228.136,233.2 1 0
github.com/mab-go/golem/internal/grpc/client.go:257.62,259.6 2 0
github.com/mab-go/golem/internal/grpc/client.go:259.6,261.20 2 0
github.com/mab-go/golem/internal/grpc/client.go:261.20,263.4 1 0
github.com/mab-go/golem/internal/grpc/client.go:264.3,264.17 1 0
github.com/mab-go/golem/internal/grpc/client.go:264.17,267.4 2 0
github.com/mab-go/golem/internal/grpc/client.go:268.3,268.32 1 0
github.com/mab-go/golem/internal/grpc/client.go:274.95,276.16 2 0
github.com/mab-go/golem/internal/grpc/client.go:276.16,278.3 1 0
github.com/mab-go/golem/internal/grpc/client.go:279.2,281.16 3 0
github.com/mab-go/golem/internal/grpc/client.go:285.111,287.16 2 0
github.com/mab-go/golem/internal/grpc/client.go:287.16,289.3 1 0
github.com/mab-go/golem/internal/grpc/client.go:290.2,292.16 3 0
github.com/mab-go/golem/internal/grpc/client.go:296.103,298.16 2 0
github.com/mab-go/golem/internal/grpc/client.go:298.16,300.3 1 0
github.com/mab-go/golem/internal/grpc/client.go:301.2,303.16 3 0
github.com/mab-go/golem/internal/grpc/client.go:307.117,309.16 2 0
github.com/mab-go/golem/internal/grpc/client.go:309.16,311.3 1 0
github.com/mab-go/golem/internal/grpc/client.go:312.2,314.16 3 0
github.com/mab-go/golem/internal/grpc/client.go:318.101,320.16 2 0
github.com/mab-go/golem/internal/grpc/client.go:320.16,322.3 1 0
github.com/mab-go/golem/internal/grpc/client.go:323.2,325.16 3 0
github.com/mab-go/golem/internal/grpc/client.go:329.91,331.16 2 0
github.com/mab-go/golem/internal/grpc/client.go:331.16,333.3 1 0
github.com/mab-go/golem/internal/grpc/client.go:334.2,336.16 3 0
github.com/mab-go/golem/internal/version/version.go:22.27,23.23 1 0
github.com/mab-go/golem/internal/version/version.go:23.23,25.3 1 0
github.com/mab-go/golem/internal/version/version.go:26.2,26.15 1 0
github.com/mab-go/golem/internal/version/version.go:30.20,32.2 1 0
github.com/mab-go/golem/cmd/golem-tui/bridge.go:18.56,20.2 1 0
github.com/mab-go/golem/cmd/golem-tui/bridge.go:22.71,24.2 1 0
github.com/mab-go/golem/cmd/golem-tui/bridge.go:26.55,28.2 1 0
github.com/mab-go/golem/cmd/golem-tui/bridge.go:30.86,32.2 1 0
github.com/mab-go/golem/cmd/golem-tui/bridge.go:34.80,36.2 1 0
github.com/mab-go/golem/cmd/golem-tui/bridge.go:38.111,40.2 1 0
github.com/mab-go/golem/cmd/golem-tui/bridge.go:42.96,44.2 1 0
github.com/mab-go/golem/cmd/golem-tui/bridge.go:46.105,48.2 1 0
github.com/mab-go/golem/cmd/golem-tui/bridge.go:50.73,52.2 1 0
github.com/mab-go/golem/cmd/golem-tui/bridge.go:54.94,56.2 1 0
github.com/mab-go/golem/cmd/golem-tui/bridge.go:58.72,60.2 1 0
github.com/mab-go/golem/cmd/golem-tui/bridge.go:62.76,64.2 1 0
github.com/mab-go/golem/cmd/golem-tui/bridge.go:66.70,66.71 0 0
github.com/mab-go/golem/cmd/golem-tui/chatpane.go:18.30,23.2 1 0
github.com/mab-go/golem/cmd/golem-tui/chatpane.go:27.35,27.49 1 0
github.com/mab-go/golem/cmd/golem-tui/chatpane.go:29.56,30.27 1 0
github.com/mab-go/golem/cmd/golem-tui/chatpane.go:31.15,34.17 3 0
github.com/mab-go/golem/cmd/golem-tui/chatpane.go:34.17,36.29 2 0
github.com/mab-go/golem/cmd/golem-tui/chatpane.go:36.29,36.61 1 0
github.com/mab-go/golem/cmd/golem-tui/chatpane.go:38.3,38.16 1 0
github.com/mab-go/golem/cmd/golem-tui/chatpane.go:40.23,41.29 1 0
github.com/mab-go/golem/cmd/golem-tui/chatpane.go:41.29,43.4 1 0
github.com/mab-go/golem/cmd/golem-tui/chatpane.go:46.2,46.35 1 0
github.com/mab-go/golem/cmd/golem-tui/chatpane.go:49.34,50.13 1 0
github.com/mab-go/golem/cmd/golem-tui/chatpane.go:50.13,52.3 1 0
github.com/mab-go/golem/cmd/golem-tui/chatpane.go:53.2,53.87 1 0
github.com/mab-go/golem/cmd/golem-tui/chatpane.go:56.39,56.56 1 0
github.com/mab-go/golem/cmd/golem-tui/chatpane.go:57.39,57.59 1 0
github.com/mab-go/golem/cmd/golem-tui/chatpane.go:58.39,58.56 1 0
github.com/mab-go/golem/cmd/golem-tui/chatpane.go:59.39,59.63 1 0
github.com/mab-go/golem/cmd/golem-tui/chatpane.go:61.41,64.15 3 0
github.com/mab-go/golem/cmd/golem-tui/chatpane.go:64.15,66.3 1 0
github.com/mab-go/golem/cmd/golem-tui/chatpane.go:67.2,67.24 1 0
github.com/mab-go/golem/cmd/golem-tui/cmdinput.go:22.29,41.2 18 0
github.com/mab-go/golem/cmd/golem-tui/cmdinput.go:43.39,48.2 4 0
github.com/mab-go/golem/cmd/golem-tui/cmdinput.go:50.33,55.2 4 0
github.com/mab-go/golem/cmd/golem-tui/cmdinput.go:57.44,63.15 6 0
github.com/mab-go/golem/cmd/golem-tui/cmdinput.go:63.15,65.3 1 0
github.com/mab-go/golem/cmd/golem-tui/cmdinput.go:66.2,66.63 1 0
github.com/mab-go/golem/cmd/golem-tui/cmdinput.go:66.63,68.34 2 0
github.com/mab-go/golem/cmd/golem-tui/cmdinput.go:68.34,70.4 1 0
github.com/mab-go/golem/cmd/golem-tui/cmdinput.go:72.2,72.18 1 0
github.com/mab-go/golem/cmd/golem-tui/cmdinput.go:75.48,76.42 1 0
github.com/mab-go/golem/cmd/golem-tui/cmdinput.go:76.42,77.23 1 0
github.com/mab-go/golem/cmd/golem-tui/cmdinput.go:78.13,80.14 2 0
github.com/mab-go/golem/cmd/golem-tui/cmdinput.go:81.15,83.14 2 0
github.com/mab-go/golem/cmd/golem-tui/cmdinput.go:86.2,88.12 3 0
github.com/mab-go/golem/cmd/golem-tui/cmdinput.go:91.32,92.25 1 0
github.com/mab-go/golem/cmd/golem-tui/cmdinput.go:92.25,94.3 1 0
github.com/mab-go/golem/cmd/golem-tui/cmdinput.go:95.2,95.9 1 0
github.com/mab-go/golem/cmd/golem-tui/cmdinput.go:96.26,98.36 2 0
github.com/mab-go/golem/cmd/golem-tui/cmdinput.go:99.24,100.17 1 0
github.com/mab-go/golem/cmd/golem-tui/cmdinput.go:101.10,102.9 1 0
github.com/mab-go/golem/cmd/golem-tui/cmdinput.go:104.2,105.21 2 0
github.com/mab-go/golem/cmd/golem-tui/cmdinput.go:108.34,109.9 1 0
github.com/mab-go/golem/cmd/golem-tui/cmdinput.go:110.26,111.9 1 0
github.com/mab-go/golem/cmd/golem-tui/cmdinput.go:112.39,114.44 2 0
github.com/mab-go/golem/cmd/golem-tui/cmdinput.go:115.10,117.28 2 0
github.com/mab-go/golem/cmd/golem-tui/cmdinput.go:119.2,119.21 1 0
github.com/mab-go/golem/cmd/golem-tui/cmdinput.go:122.58,125.2 2 0
github.com/mab-go/golem/cmd/golem-tui/cmdinput.go:127.36,130.2 2 0
github.com/mab-go/golem/cmd/golem-tui/cmdinput.go:132.33,134.2 1 0
github.com/mab-go/golem/cmd/golem-tui/demo.go:13.36,21.2 6 0
github.com/mab-go/golem/cmd/golem-tui/demo.go:23.34,24.49 1 0
github.com/mab-go/golem/cmd/golem-tui/demo.go:24.49,27.3 2 0
github.com/mab-go/golem/cmd/golem-tui/demo.go:29.2,55.89 22 0
github.com/mab-go/golem/cmd/golem-tui/demo.go:58.33,59.49 1 0
github.com/mab-go/golem/cmd/golem-tui/demo.go:59.49,62.3 2 0
github.com/mab-go/golem/cmd/golem-tui/demo.go:64.2,110.214 17 0
github.com/mab-go/golem/cmd/golem-tui/demo.go:113.38,114.49 1 0
github.com/mab-go/golem/cmd/golem-tui/demo.go:114.49,117.3 2 0
github.com/mab-go/golem/cmd/golem-tui/demo.go:119.2,130.112 9 0
github.com/mab-go/golem/cmd/golem-tui/demo.go:133.31,134.49 1 0
github.com/mab-go/golem/cmd/golem-tui/demo.go:134.49,137.3 2 0
github.com/mab-go/golem/cmd/golem-tui/demo.go:139.2,141.148 3 0
github.com/mab-go/golem/cmd/golem-tui/demo.go:144.33,145.49 1 0
github.com/mab-go/golem/cmd/golem-tui/demo.go:145.49,148.3 2 0
github.com/mab-go/golem/cmd/golem-tui/demo.go:150.2,197.214 18 0
github.com/mab-go/golem/cmd/golem-tui/demo.go:200.46,202.13 2 0
github.com/mab-go/golem/cmd/golem-tui/demo.go:203.14,204.73 1 0
github.com/mab-go/golem/cmd/golem-tui/demo.go:205.28,206.33 1 0
github.com/mab-go/golem/cmd/golem-tui/demo.go:207.10,208.46 1 0
github.com/mab-go/golem/cmd/golem-tui/demo.go:212.50,217.44 2 0
github.com/mab-go/golem/cmd/golem-tui/demo.go:217.44,221.3 3 0
github.com/mab-go/golem/cmd/golem-tui/docker.go:36.130,47.2 1 0
github.com/mab-go/golem/cmd/golem-tui/docker.go:49.57,53.13 3 0
github.com/mab-go/golem/cmd/golem-tui/docker.go:53.13,58.3 4 0
github.com/mab-go/golem/cmd/golem-tui/docker.go:60.2,60.12 1 0
github.com/mab-go/golem/cmd/golem-tui/docker.go:60.12,62.67 2 0
github.com/mab-go/golem/cmd/golem-tui/docker.go:62.67,65.4 2 0
github.com/mab-go/golem/cmd/golem-tui/docker.go:66.8,69.19 3 0
github.com/mab-go/golem/cmd/golem-tui/docker.go:69.19,71.4 1 0
github.com/mab-go/golem/cmd/golem-tui/docker.go:72.3,81.17 1 0
github.com/mab-go/golem/cmd/golem-tui/docker.go:81.17,84.4 2 0
github.com/mab-go/golem/cmd/golem-tui/docker.go:87.2,89.61 3 0
github.com/mab-go/golem/cmd/golem-tui/docker.go:89.61,92.3 2 0
github.com/mab-go/golem/cmd/golem-tui/docker.go:94.2,96.12 3 0
github.com/mab-go/golem/cmd/golem-tui/docker.go:99.37,100.16 1 0
github.com/mab-go/golem/cmd/golem-tui/docker.go:100.16,102.3 1 0
github.com/mab-go/golem/cmd/golem-tui/docker.go:103.2,104.21 2 0
github.com/mab-go/golem/cmd/golem-tui/docker.go:104.21,106.3 1 0
github.com/mab-go/golem/cmd/golem-tui/docker.go:108.2,109.65 2 0
github.com/mab-go/golem/cmd/golem-tui/docker.go:109.65,112.3 2 0
github.com/mab-go/golem/cmd/golem-tui/docker.go:113.2,113.20 1 0
github.com/mab-go/golem/cmd/golem-tui/docker.go:113.20,114.70 1 0
github.com/mab-go/golem/cmd/golem-tui/docker.go:114.70,117.4 2 0
github.com/mab-go/golem/cmd/golem-tui/docker.go:118.3,118.25 1 0
github.com/mab-go/golem/cmd/golem-tui/docker.go:118.25,120.72 2 0
github.com/mab-go/golem/cmd/golem-tui/docker.go:120.72,123.5 2 0
github.com/mab-go/golem/cmd/golem-tui/docker.go:126.2,128.29 3 0
github.com/mab-go/golem/cmd/golem-tui/docker.go:131.66,133.16 2 0
github.com/mab-go/golem/cmd/golem-tui/docker.go:133.16,135.3 1 0
github.com/mab-go/golem/cmd/golem-tui/docker.go:136.2,136.47 1 0
github.com/mab-go/golem/cmd/golem-tui/docker.go:139.87,140.24 1 0
github.com/mab-go/golem/cmd/golem-tui/docker.go:140.24,142.3 1 0
github.com/mab-go/golem/cmd/golem-tui/docker.go:143.2,143.35 1 0
github.com/mab-go/golem/cmd/golem-tui/docker.go:146.46,148.16 2 0
github.com/mab-go/golem/cmd/golem-tui/docker.go:148.16,150.3 1 0
github.com/mab-go/golem/cmd/golem-tui/docker.go:151.2,151.41 1 0
github.com/mab-go/golem/cmd/golem-tui/docker.go:154.89,156.6 2 0
github.com/mab-go/golem/cmd/golem-tui/docker.go:156.6,158.17 2 0
github.com/mab-go/golem/cmd/golem-tui/docker.go:158.17,160.18 2 0
github.com/mab-go/golem/cmd/golem-tui/docker.go:161.19,162.15 1 0
github.com/mab-go/golem/cmd/golem-tui/docker.go:163.21,164.79 1 0
github.com/mab-go/golem/cmd/golem-tui/docker.go:165.12,166.97 1 0
github.com/mab-go/golem/cmd/golem-tui/docker.go:169.3,169.10 1 0
github.com/mab-go/golem/cmd/golem-tui/docker.go:170.19,171.61 1 0
github.com/mab-go/golem/cmd/golem-tui/docker.go:172.21,173.20 1 0
github.com/mab-go/golem/cmd/golem-tui/docker.go:174.38,174.38 0 0
github.com/mab-go/golem/cmd/golem-tui/docker.go:179.85,181.6 2 0
github.com/mab-go/golem/cmd/golem-tui/docker.go:181.6,183.17 2 0
github.com/mab-go/golem/cmd/golem-tui/docker.go:183.17,186.4 2 0
github.com/mab-go/golem/cmd/golem-tui/docker.go:187.3,187.10 1 0
github.com/mab-go/golem/cmd/golem-tui/docker.go:188.19,189.59 1 0
github.com/mab-go/golem/cmd/golem-tui/docker.go:190.21,191.20 1 0
github.com/mab-go/golem/cmd/golem-tui/docker.go:192.38,192.38 0 0
github.com/mab-go/golem/cmd/golem-tui/docker.go:197.56,203.16 5 0
github.com/mab-go/golem/cmd/golem-tui/docker.go:203.16,205.3 1 0
github.com/mab-go/golem/cmd/golem-tui/docker.go:206.2,206.36 1 0
github.com/mab-go/golem/cmd/golem-tui/docker.go:206.36,208.3 1 0
github.com/mab-go/golem/cmd/golem-tui/docker.go:209.2,209.12 1 0
github.com/mab-go/golem/cmd/golem-tui/docker.go:209.12,211.22 2 0
github.com/mab-go/golem/cmd/golem-tui/docker.go:211.22,214.25 3 0
github.com/mab-go/golem/cmd/golem-tui/docker.go:214.25,216.5 1 0
github.com/mab-go/golem/cmd/golem-tui/docker.go:217.4,221.6 1 0
github.com/mab-go/golem/cmd/golem-tui/docker.go:223.3,223.17 1 0
github.com/mab-go/golem/cmd/golem-tui/docker.go:227.56,228.18 1 0
github.com/mab-go/golem/cmd/golem-tui/docker.go:228.18,230.3 1 0
github.com/mab-go/golem/cmd/golem-tui/docker.go:233.78,234.18 1 0
github.com/mab-go/golem/cmd/golem-tui/docker.go:234.18,236.3 1 0
github.com/mab-go/golem/cmd/golem-tui/docker.go:239.67,242.16 3 0
github.com/mab-go/golem/cmd/golem-tui/docker.go:242.16,244.3 1 0
github.com/mab-go/golem/cmd/golem-tui/docker.go:245.2,245.25 1 0
github.com/mab-go/golem/cmd/golem-tui/eventspane.go:20.34,25.2 1 0
github.com/mab-go/golem/cmd/golem-tui/eventspane.go:29.37,29.51 1 0
github.com/mab-go/golem/cmd/golem-tui/eventspane.go:31.58,32.27 1 0
github.com/mab-go/golem/cmd/golem-tui/eventspane.go:33.23,35.16 2 0
github.com/mab-go/golem/cmd/golem-tui/eventspane.go:37.20,38.24 1 0
github.com/mab-go/golem/cmd/golem-tui/eventspane.go:38.24,40.4 1 0
github.com/mab-go/golem/cmd/golem-tui/eventspane.go:41.3,42.16 2 0
github.com/mab-go/golem/cmd/golem-tui/eventspane.go:44.21,45.18 1 0
github.com/mab-go/golem/cmd/golem-tui/eventspane.go:45.18,47.4 1 0
github.com/mab-go/golem/cmd/golem-tui/eventspane.go:47.9,49.4 1 0
github.com/mab-go/golem/cmd/golem-tui/eventspane.go:50.3,50.16 1 0
github.com/mab-go/golem/cmd/golem-tui/eventspane.go:52.21,54.16 2 0
github.com/mab-go/golem/cmd/golem-tui/eventspane.go:56.23,57.29 1 0
github.com/mab-go/golem/cmd/golem-tui/eventspane.go:57.29,59.4 1 0
github.com/mab-go/golem/cmd/golem-tui/eventspane.go:62.2,62.35 1 0
github.com/mab-go/golem/cmd/golem-tui/eventspane.go:65.44,68.2 2 0
github.com/mab-go/golem/cmd/golem-tui/eventspane.go:70.36,71.13 1 0
github.com/mab-go/golem/cmd/golem-tui/eventspane.go:71.13,73.3 1 0
github.com/mab-go/golem/cmd/golem-tui/eventspane.go:74.2,74.87 1 0
github.com/mab-go/golem/cmd/golem-tui/eventspane.go:77.44,78.13 1 0
github.com/mab-go/golem/cmd/golem-tui/eventspane.go:78.13,80.3 1 0
github.com/mab-go/golem/cmd/golem-tui/eventspane.go:81.2,81.26 1 0
github.com/mab-go/golem/cmd/golem-tui/eventspane.go:84.41,84.60 1 0
github.com/mab-go/golem/cmd/golem-tui/eventspane.go:85.41,85.61 1 0
github.com/mab-go/golem/cmd/golem-tui/eventspane.go:86.41,86.58 1 0
github.com/mab-go/golem/cmd/golem-tui/eventspane.go:87.41,87.65 1 0
github.com/mab-go/golem/cmd/golem-tui/eventspane.go:89.65,93.2 3 0
github.com/mab-go/golem/cmd/golem-tui/helpoverlay.go:5.50,25.2 3 0
github.com/mab-go/golem/cmd/golem-tui/layout.go:32.48,40.2 3 0
github.com/mab-go/golem/cmd/golem-tui/layout.go:42.36,46.2 3 0
github.com/mab-go/golem/cmd/golem-tui/layout.go:51.36,53.23 2 0
github.com/mab-go/golem/cmd/golem-tui/layout.go:53.23,55.3 1 0
github.com/mab-go/golem/cmd/golem-tui/layout.go:57.2,60.36 3 0
github.com/mab-go/golem/cmd/golem-tui/layout.go:60.36,63.3 2 0
github.com/mab-go/golem/cmd/golem-tui/layout.go:65.2,65.18 1 0
github.com/mab-go/golem/cmd/golem-tui/layout.go:65.18,68.3 2 0
github.com/mab-go/golem/cmd/golem-tui/layout.go:70.2,73.44 4 0
github.com/mab-go/golem/cmd/golem-tui/layout.go:79.59,80.22 1 0
github.com/mab-go/golem/cmd/golem-tui/layout.go:81.9,82.9 1 0
github.com/mab-go/golem/cmd/golem-tui/layout.go:83.9,84.41 1 0
github.com/mab-go/golem/cmd/golem-tui/layout.go:85.10,89.43 4 0
github.com/mab-go/golem/cmd/golem-tui/layout.go:93.39,95.42 2 0
github.com/mab-go/golem/cmd/golem-tui/layout.go:95.42,96.25 1 0
github.com/mab-go/golem/cmd/golem-tui/layout.go:96.25,98.4 1 0
github.com/mab-go/golem/cmd/golem-tui/layout.go:100.2,100.12 1 0
github.com/mab-go/golem/cmd/golem-tui/layout.go:103.41,105.27 2 0
github.com/mab-go/golem/cmd/golem-tui/layout.go:105.27,106.25 1 0
github.com/mab-go/golem/cmd/golem-tui/layout.go:106.25,108.4 1 0
github.com/mab-go/golem/cmd/golem-tui/layout.go:110.2,110.12 1 0
github.com/mab-go/golem/cmd/golem-tui/layout.go:113.37,115.28 2 0
github.com/mab-go/golem/cmd/golem-tui/layout.go:115.28,116.16 1 0
github.com/mab-go/golem/cmd/golem-tui/layout.go:116.16,118.4 1 0
github.com/mab-go/golem/cmd/golem-tui/layout.go:120.2,120.10 1 0
github.com/mab-go/golem/cmd/golem-tui/layout.go:123.40,124.37 1 0
github.com/mab-go/golem/cmd/golem-tui/layout.go:124.37,126.3 1 0
github.com/mab-go/golem/cmd/golem-tui/layout.go:127.2,127.53 1 0
github.com/mab-go/golem/cmd/golem-tui/layout.go:127.53,129.3 1 0
github.com/mab-go/golem/cmd/golem-tui/layout.go:130.2,131.54 2 0
github.com/mab-go/golem/cmd/golem-tui/layout.go:131.54,134.3 2 0
github.com/mab-go/golem/cmd/golem-tui/layout.go:135.2,135.21 1 0
github.com/mab-go/golem/cmd/golem-tui/layout.go:138.38,139.37 1 0
github.com/mab-go/golem/cmd/golem-tui/layout.go:139.37,141.3 1 0
github.com/mab-go/golem/cmd/golem-tui/layout.go:142.2,142.28 1 0
github.com/mab-go/golem/cmd/golem-tui/layout.go:142.28,144.3 1 0
github.com/mab-go/golem/cmd/golem-tui/layout.go:145.2,146.21 2 0
github.com/mab-go/golem/cmd/golem-tui/layout.go:149.30,151.23 2 0
github.com/mab-go/golem/cmd/golem-tui/layout.go:151.23,153.3 1 0
github.com/mab-go/golem/cmd/golem-tui/layout.go:154.2,156.30 3 0
github.com/mab-go/golem/cmd/golem-tui/layout.go:156.30,157.26 1 0
github.com/mab-go/golem/cmd/golem-tui/layout.go:157.26,159.9 2 0
github.com/mab-go/golem/cmd/golem-tui/layout.go:162.2,164.45 3 0
github.com/mab-go/golem/cmd/golem-tui/layout.go:167.32,169.28 2 0
github.com/mab-go/golem/cmd/golem-tui/layout.go:169.28,170.39 1 0
github.com/mab-go/golem/cmd/golem-tui/layout.go:170.39,172.4 1 0
github.com/mab-go/golem/cmd/golem-tui/layout.go:174.2,174.27 1 0
github.com/mab-go/golem/cmd/golem-tui/layout.go:177.55,178.67 1 0
github.com/mab-go/golem/cmd/golem-tui/layout.go:178.67,181.3 2 0
github.com/mab-go/golem/cmd/golem-tui/layout.go:183.2,184.25 2 0
github.com/mab-go/golem/cmd/golem-tui/layout.go:184.25,187.17 3 0
github.com/mab-go/golem/cmd/golem-tui/layout.go:187.17,189.4 1 0
github.com/mab-go/golem/cmd/golem-tui/layout.go:191.2,191.30 1 0
github.com/mab-go/golem/cmd/golem-tui/layout.go:194.31,198.37 3 0
github.com/mab-go/golem/cmd/golem-tui/layout.go:198.37,200.24 2 0
github.com/mab-go/golem/cmd/golem-tui/layout.go:200.24,202.4 1 0
github.com/mab-go/golem/cmd/golem-tui/layout.go:203.3,203.41 1 0
github.com/mab-go/golem/cmd/golem-tui/layout.go:206.2,208.36 2 0
github.com/mab-go/golem/cmd/golem-tui/layout.go:208.36,210.3 1 0
github.com/mab-go/golem/cmd/golem-tui/layout.go:212.2,212.18 1 0
github.com/mab-go/golem/cmd/golem-tui/layout.go:212.18,214.3 1 0
github.com/mab-go/golem/cmd/golem-tui/layout.go:216.2,216.87 1 0
github.com/mab-go/golem/cmd/golem-tui/layout.go:219.55,220.22 1 0
github.com/mab-go/golem/cmd/golem-tui/layout.go:221.9,222.12 1 0
github.com/mab-go/golem/cmd/golem-tui/layout.go:223.9,224.41 1 0
github.com/mab-go/golem/cmd/golem-tui/layout.go:225.10,227.31 2 0
github.com/mab-go/golem/cmd/golem-tui/layout.go:227.31,229.4 1 0
github.com/mab-go/golem/cmd/golem-tui/layout.go:230.3,230.56 1 0
github.com/mab-go/golem/cmd/golem-tui/logfiles.go:29.50,30.48 1 0
github.com/mab-go/golem/cmd/golem-tui/logfiles.go:30.48,32.3 1 0
github.com/mab-go/golem/cmd/golem-tui/logfiles.go:34.2,35.16 2 0
github.com/mab-go/golem/cmd/golem-tui/logfiles.go:35.16,37.3 1 0
github.com/mab-go/golem/cmd/golem-tui/logfiles.go:39.2,40.16 2 0
github.com/mab-go/golem/cmd/golem-tui/logfiles.go:40.16,43.3 2 0
github.com/mab-go/golem/cmd/golem-tui/logfiles.go:45.2,46.16 2 0
github.com/mab-go/golem/cmd/golem-tui/logfiles.go:46.16,50.3 3 0
github.com/mab-go/golem/cmd/golem-tui/logfiles.go:52.2,52.71 1 0
github.com/mab-go/golem/cmd/golem-tui/logfiles.go:55.55,57.16 2 0
github.com/mab-go/golem/cmd/golem-tui/logfiles.go:57.16,59.3 1 0
github.com/mab-go/golem/cmd/golem-tui/logfiles.go:60.2,60.56 1 0
github.com/mab-go/golem/cmd/golem-tui/logfiles.go:63.45,66.14 3 0
github.com/mab-go/golem/cmd/golem-tui/logfiles.go:66.14,68.3 1 0
github.com/mab-go/golem/cmd/golem-tui/logfiles.go:69.2,70.32 2 0
github.com/mab-go/golem/cmd/golem-tui/logfiles.go:73.47,76.14 3 0
github.com/mab-go/golem/cmd/golem-tui/logfiles.go:76.14,78.3 1 0
github.com/mab-go/golem/cmd/golem-tui/logfiles.go:79.2,79.33 1 0
github.com/mab-go/golem/cmd/golem-tui/logfiles.go:82.30,85.14 3 0
github.com/mab-go/golem/cmd/golem-tui/logfiles.go:85.14,87.3 1 0
github.com/mab-go/golem/cmd/golem-tui/logfiles.go:88.2,90.17 3 0
github.com/mab-go/golem/cmd/golem-tui/logfiles.go:93.29,97.2 3 0
github.com/mab-go/golem/cmd/golem-tui/logfiles.go:99.59,105.23 5 0
github.com/mab-go/golem/cmd/golem-tui/logfiles.go:105.23,108.3 2 0
github.com/mab-go/golem/cmd/golem-tui/logfiles.go:110.2,110.57 1 0
github.com/mab-go/golem/cmd/golem-tui/logfiles.go:110.57,113.3 2 0
github.com/mab-go/golem/cmd/golem-tui/logfiles.go:115.2,115.27 1 0
github.com/mab-go/golem/cmd/golem-tui/logfiles.go:115.27,117.31 2 0
github.com/mab-go/golem/cmd/golem-tui/logfiles.go:117.31,119.4 1 0
github.com/mab-go/golem/cmd/golem-tui/logfiles.go:120.3,121.26 2 0
github.com/mab-go/golem/cmd/golem-tui/logfiles.go:121.26,123.4 1 0
github.com/mab-go/golem/cmd/golem-tui/logfiles.go:126.2,126.32 1 0
github.com/mab-go/golem/cmd/golem-tui/logfiles.go:129.71,131.2 1 0
github.com/mab-go/golem/cmd/golem-tui/logfiles.go:133.70,135.2 1 0
github.com/mab-go/golem/cmd/golem-tui/logfiles.go:137.84,141.16 4 0
github.com/mab-go/golem/cmd/golem-tui/logfiles.go:141.16,143.3 1 0
github.com/mab-go/golem/cmd/golem-tui/logfiles.go:143.8,143.25 1 0
github.com/mab-go/golem/cmd/golem-tui/logfiles.go:143.25,144.52 1 0
github.com/mab-go/golem/cmd/golem-tui/logfiles.go:144.52,146.4 1 0
github.com/mab-go/golem/cmd/golem-tui/logfiles.go:148.2,148.34 1 0
github.com/mab-go/golem/cmd/golem-tui/logpane.go:26.28,31.2 1 0
github.com/mab-go/golem/cmd/golem-tui/logpane.go:35.34,35.48 1 0
github.com/mab-go/golem/cmd/golem-tui/logpane.go:37.55,38.27 1 0
github.com/mab-go/golem/cmd/golem-tui/logpane.go:39.14,42.16 3 0
github.com/mab-go/golem/cmd/golem-tui/logpane.go:44.23,45.29 1 0
github.com/mab-go/golem/cmd/golem-tui/logpane.go:45.29,47.4 1 0
github.com/mab-go/golem/cmd/golem-tui/logpane.go:50.2,50.35 1 0
github.com/mab-go/golem/cmd/golem-tui/logpane.go:53.33,54.13 1 0
github.com/mab-go/golem/cmd/golem-tui/logpane.go:54.13,56.3 1 0
github.com/mab-go/golem/cmd/golem-tui/logpane.go:57.2,57.87 1 0
github.com/mab-go/golem/cmd/golem-tui/logpane.go:60.41,61.13 1 0
github.com/mab-go/golem/cmd/golem-tui/logpane.go:61.13,63.3 1 0
github.com/mab-go/golem/cmd/golem-tui/logpane.go:64.2,64.26 1 0
github.com/mab-go/golem/cmd/golem-tui/logpane.go:67.38,67.60 1 0
github.com/mab-go/golem/cmd/golem-tui/logpane.go:68.38,68.58 1 0
github.com/mab-go/golem/cmd/golem-tui/logpane.go:69.38,69.55 1 0
github.com/mab-go/golem/cmd/golem-tui/logpane.go:70.38,70.62 1 0
github.com/mab-go/golem/cmd/golem-tui/logpane.go:72.40,79.21 5 0
github.com/mab-go/golem/cmd/golem-tui/logpane.go:79.21,81.3 1 0
github.com/mab-go/golem/cmd/golem-tui/logpane.go:83.2,83.51 1 0
github.com/mab-go/golem/cmd/golem-tui/logpane.go:83.51,85.3 1 0
github.com/mab-go/golem/cmd/golem-tui/logpane.go:87.2,88.18 2 0
github.com/mab-go/golem/cmd/golem-tui/logpane.go:88.18,90.3 1 0
github.com/mab-go/golem/cmd/golem-tui/logpane.go:92.2,92.33 1 0
github.com/mab-go/golem/cmd/golem-tui/logpane.go:95.49,96.22 1 0
github.com/mab-go/golem/cmd/golem-tui/logpane.go:96.22,98.3 1 0
github.com/mab-go/golem/cmd/golem-tui/logpane.go:100.2,101.24 2 0
github.com/mab-go/golem/cmd/golem-tui/logpane.go:101.24,102.37 1 0
github.com/mab-go/golem/cmd/golem-tui/logpane.go:102.37,103.12 1 0
github.com/mab-go/golem/cmd/golem-tui/logpane.go:105.3,105.25 1 0
github.com/mab-go/golem/cmd/golem-tui/logpane.go:107.2,110.25 3 0
github.com/mab-go/golem/cmd/golem-tui/logpane.go:110.25,112.33 2 0
github.com/mab-go/golem/cmd/golem-tui/logpane.go:112.33,114.4 1 0
github.com/mab-go/golem/cmd/golem-tui/logpane.go:114.9,116.4 1 0
github.com/mab-go/golem/cmd/golem-tui/logpane.go:118.2,118.33 1 0
github.com/mab-go/golem/cmd/golem-tui/logpane.go:121.49,122.15 1 0
github.com/mab-go/golem/cmd/golem-tui/logpane.go:123.26,124.34 1 0
github.com/mab-go/golem/cmd/golem-tui/logpane.go:125.25,126.35 1 0
github.com/mab-go/golem/cmd/golem-tui/logpane.go:127.25,128.35 1 0
github.com/mab-go/golem/cmd/golem-tui/logpane.go:129.26,130.36 1 0
github.com/mab-go/golem/cmd/golem-tui/logpane.go:131.26,132.36 1 0
github.com/mab-go/golem/cmd/golem-tui/logpane.go:133.26,134.36 1 0
github.com/mab-go/golem/cmd/golem-tui/logpane.go:135.10,136.34 1 0
github.com/mab-go/golem/cmd/golem-tui/main.go:21.13,22.28 1 0
github.com/mab-go/golem/cmd/golem-tui/main.go:22.28,25.3 2 0
github.com/mab-go/golem/cmd/golem-tui/main.go:27.2,104.39 63 0
github.com/mab-go/golem/cmd/golem-tui/main.go:104.39,107.3 2 0
github.com/mab-go/golem/cmd/golem-tui/main.go:110.79,113.2 2 0
github.com/mab-go/golem/cmd/golem-tui/main.go:115.51,117.10 2 0
github.com/mab-go/golem/cmd/golem-tui/main.go:117.10,123.3 5 0
github.com/mab-go/golem/cmd/golem-tui/main.go:125.2,126.20 2 0
github.com/mab-go/golem/cmd/golem-tui/main.go:127.30,127.30 0 0
github.com/mab-go/golem/cmd/golem-tui/main.go:128.10,129.87 1 0
github.com/mab-go/golem/cmd/golem-tui/main.go:132.2,133.22 2 0
github.com/mab-go/golem/cmd/golem-tui/main.go:133.22,136.17 3 0
github.com/mab-go/golem/cmd/golem-tui/main.go:136.17,138.4 1 0
github.com/mab-go/golem/cmd/golem-tui/main.go:139.3,139.19 1 0
github.com/mab-go/golem/cmd/golem-tui/main.go:142.2,148.59 6 0
github.com/mab-go/golem/cmd/golem-tui/main.go:148.59,149.16 1 0
github.com/mab-go/golem/cmd/golem-tui/main.go:149.16,151.4 1 0
github.com/mab-go/golem/cmd/golem-tui/main.go:152.3,158.5 1 0
github.com/mab-go/golem/cmd/golem-tui/main.go:161.2,161.43 1 0
github.com/mab-go/golem/cmd/golem-tui/main.go:161.43,161.58 1 0
github.com/mab-go/golem/cmd/golem-tui/main.go:163.2,173.23 8 0
github.com/mab-go/golem/cmd/golem-tui/main.go:173.23,175.3 1 0
github.com/mab-go/golem/cmd/golem-tui/main.go:176.2,178.12 2 0
github.com/mab-go/golem/cmd/golem-tui/main.go:181.39,213.28 2 0
github.com/mab-go/golem/cmd/golem-tui/main.go:213.28,215.3 1 0
github.com/mab-go/golem/cmd/golem-tui/main.go:216.2,216.12 1 0
github.com/mab-go/golem/cmd/golem-tui/mindpane.go:48.30,53.2 1 0
github.com/mab-go/golem/cmd/golem-tui/mindpane.go:55.35,55.49 1 0
github.com/mab-go/golem/cmd/golem-tui/mindpane.go:57.56,58.27 1 0
github.com/mab-go/golem/cmd/golem-tui/mindpane.go:59.21,64.16 5 0
github.com/mab-go/golem/cmd/golem-tui/mindpane.go:66.20,70.16 4 0
github.com/mab-go/golem/cmd/golem-tui/mindpane.go:72.23,76.16 4 0
github.com/mab-go/golem/cmd/golem-tui/mindpane.go:78.29,82.16 4 0
github.com/mab-go/golem/cmd/golem-tui/mindpane.go:84.19,87.16 3 0
github.com/mab-go/golem/cmd/golem-tui/mindpane.go:89.21,92.16 3 0
github.com/mab-go/golem/cmd/golem-tui/mindpane.go:94.23,95.29 1 0
github.com/mab-go/golem/cmd/golem-tui/mindpane.go:95.29,97.4 1 0
github.com/mab-go/golem/cmd/golem-tui/mindpane.go:100.2,100.35 1 0
github.com/mab-go/golem/cmd/golem-tui/mindpane.go:103.34,104.13 1 0
github.com/mab-go/golem/cmd/golem-tui/mindpane.go:104.13,106.3 1 0
github.com/mab-go/golem/cmd/golem-tui/mindpane.go:107.2,107.87 1 0
github.com/mab-go/golem/cmd/golem-tui/mindpane.go:110.39,110.65 1 0
github.com/mab-go/golem/cmd/golem-tui/mindpane.go:111.39,111.59 1 0
github.com/mab-go/golem/cmd/golem-tui/mindpane.go:112.39,112.56 1 0
github.com/mab-go/golem/cmd/golem-tui/mindpane.go:113.39,113.63 1 0
github.com/mab-go/golem/cmd/golem-tui/mindpane.go:115.43,117.35 2 0
github.com/mab-go/golem/cmd/golem-tui/mindpane.go:117.35,119.3 1 0
github.com/mab-go/golem/cmd/golem-tui/mindpane.go:122.46,124.16 2 0
github.com/mab-go/golem/cmd/golem-tui/mindpane.go:124.16,126.3 1 0
github.com/mab-go/golem/cmd/golem-tui/mindpane.go:127.2,128.19 2 0
github.com/mab-go/golem/cmd/golem-tui/mindpane.go:131.37,135.30 3 0
github.com/mab-go/golem/cmd/golem-tui/mindpane.go:135.30,136.12 1 0
github.com/mab-go/golem/cmd/golem-tui/mindpane.go:136.12,138.4 1 0
github.com/mab-go/golem/cmd/golem-tui/mindpane.go:139.3,139.38 1 0
github.com/mab-go/golem/cmd/golem-tui/mindpane.go:142.2,142.25 1 0
github.com/mab-go/golem/cmd/golem-tui/mindpane.go:142.25,143.18 1 0
github.com/mab-go/golem/cmd/golem-tui/mindpane.go:143.18,145.4 1 0
github.com/mab-go/golem/cmd/golem-tui/mindpane.go:146.3,147.13 2 0
github.com/mab-go/golem/cmd/golem-tui/mindpane.go:147.13,149.4 1 0
github.com/mab-go/golem/cmd/golem-tui/mindpane.go:150.3,151.18 2 0
github.com/mab-go/golem/cmd/golem-tui/mindpane.go:151.18,153.4 1 0
github.com/mab-go/golem/cmd/golem-tui/mindpane.go:156.2,157.14 2 0
github.com/mab-go/golem/cmd/golem-tui/mindpane.go:157.14,159.3 1 0
github.com/mab-go/golem/cmd/golem-tui/mindpane.go:160.2,160.17 1 0
github.com/mab-go/golem/cmd/golem-tui/mindpane.go:163.63,164.16 1 0
github.com/mab-go/golem/cmd/golem-tui/mindpane.go:165.22,166.56 1 0
github.com/mab-go/golem/cmd/golem-tui/mindpane.go:167.21,168.34 1 0
github.com/mab-go/golem/cmd/golem-tui/mindpane.go:169.23,170.56 1 0
github.com/mab-go/golem/cmd/golem-tui/mindpane.go:171.20,172.17 1 0
github.com/mab-go/golem/cmd/golem-tui/mindpane.go:172.17,174.4 1 0
github.com/mab-go/golem/cmd/golem-tui/mindpane.go:175.3,175.37 1 0
github.com/mab-go/golem/cmd/golem-tui/mindpane.go:176.23,177.52 1 0
github.com/mab-go/golem/cmd/golem-tui/mindpane.go:179.2,179.11 1 0
github.com/mab-go/golem/cmd/golem-tui/mindpane.go:182.74,185.35 3 0
github.com/mab-go/golem/cmd/golem-tui/mindpane.go:185.35,187.3 1 0
github.com/mab-go/golem/cmd/golem-tui/mindpane.go:188.2,192.35 5 0
github.com/mab-go/golem/cmd/golem-tui/mindpane.go:195.43,197.2 1 0
github.com/mab-go/golem/cmd/golem-tui/mindpane.go:199.80,201.13 2 0
github.com/mab-go/golem/cmd/golem-tui/mindpane.go:201.13,203.3 1 0
github.com/mab-go/golem/cmd/golem-tui/mindpane.go:204.2,204.81 1 0
github.com/mab-go/golem/cmd/golem-tui/mindpane.go:207.64,208.10 1 0
github.com/mab-go/golem/cmd/golem-tui/mindpane.go:208.10,210.3 1 0
github.com/mab-go/golem/cmd/golem-tui/mindpane.go:211.2,211.49 1 0
github.com/mab-go/golem/cmd/golem-tui/model.go:37.50,40.13 3 0
github.com/mab-go/golem/cmd/golem-tui/model.go:40.13,43.3 2 0
github.com/mab-go/golem/cmd/golem-tui/model.go:43.8,45.3 1 0
github.com/mab-go/golem/cmd/golem-tui/model.go:47.2,48.19 2 0
github.com/mab-go/golem/cmd/golem-tui/model.go:48.19,50.3 1 0
github.com/mab-go/golem/cmd/golem-tui/model.go:50.8,52.3 1 0
github.com/mab-go/golem/cmd/golem-tui/model.go:53.2,62.3 3 0
github.com/mab-go/golem/cmd/golem-tui/model.go:65.31,67.2 1 0
github.com/mab-go/golem/cmd/golem-tui/model.go:69.57,70.27 1 0
github.com/mab-go/golem/cmd/golem-tui/model.go:71.25,72.34 1 0
github.com/mab-go/golem/cmd/golem-tui/model.go:74.23,75.26 1 0
github.com/mab-go/golem/cmd/golem-tui/model.go:77.22,79.16 2 0
github.com/mab-go/golem/cmd/golem-tui/model.go:81.23,82.35 1 0
github.com/mab-go/golem/cmd/golem-tui/model.go:84.26,85.24 1 0
github.com/mab-go/golem/cmd/golem-tui/model.go:85.24,87.4 1 0
github.com/mab-go/golem/cmd/golem-tui/model.go:89.27,91.16 2 0
github.com/mab-go/golem/cmd/golem-tui/model.go:93.26,95.16 2 0
github.com/mab-go/golem/cmd/golem-tui/model.go:97.38,98.27 1 0
github.com/mab-go/golem/cmd/golem-tui/model.go:101.2,103.15 3 0
github.com/mab-go/golem/cmd/golem-tui/model.go:106.48,107.20 1 0
github.com/mab-go/golem/cmd/golem-tui/model.go:108.21,109.75 1 0
github.com/mab-go/golem/cmd/golem-tui/model.go:110.23,111.68 1 0
github.com/mab-go/golem/cmd/golem-tui/model.go:115.77,116.21 1 0
github.com/mab-go/golem/cmd/golem-tui/model.go:116.21,119.3 2 0
github.com/mab-go/golem/cmd/golem-tui/model.go:120.2,120.15 1 0
github.com/mab-go/golem/cmd/golem-tui/model.go:123.58,129.30 6 0
github.com/mab-go/golem/cmd/golem-tui/model.go:129.30,131.3 1 0
github.com/mab-go/golem/cmd/golem-tui/model.go:132.2,134.10 3 0
github.com/mab-go/golem/cmd/golem-tui/model.go:137.68,138.16 1 0
github.com/mab-go/golem/cmd/golem-tui/model.go:138.16,141.3 2 0
github.com/mab-go/golem/cmd/golem-tui/model.go:142.2,142.30 1 0
github.com/mab-go/golem/cmd/golem-tui/model.go:142.30,144.3 1 0
github.com/mab-go/golem/cmd/golem-tui/model.go:145.2,145.22 1 0
github.com/mab-go/golem/cmd/golem-tui/model.go:146.21,147.21 1 0
github.com/mab-go/golem/cmd/golem-tui/model.go:148.11,150.16 2 0
github.com/mab-go/golem/cmd/golem-tui/model.go:151.11,153.16 2 0
github.com/mab-go/golem/cmd/golem-tui/model.go:154.11,156.16 2 0
github.com/mab-go/golem/cmd/golem-tui/model.go:157.11,159.16 2 0
github.com/mab-go/golem/cmd/golem-tui/model.go:160.11,161.31 1 0
github.com/mab-go/golem/cmd/golem-tui/model.go:162.11,163.31 1 0
github.com/mab-go/golem/cmd/golem-tui/model.go:166.2,168.15 3 0
github.com/mab-go/golem/cmd/golem-tui/model.go:171.57,172.28 1 0
github.com/mab-go/golem/cmd/golem-tui/model.go:172.28,174.3 1 0
github.com/mab-go/golem/cmd/golem-tui/model.go:175.2,179.33 5 0
github.com/mab-go/golem/cmd/golem-tui/model.go:182.57,183.47 1 0
github.com/mab-go/golem/cmd/golem-tui/model.go:183.47,185.3 1 0
github.com/mab-go/golem/cmd/golem-tui/model.go:186.2,190.33 5 0
github.com/mab-go/golem/cmd/golem-tui/model.go:193.76,194.22 1 0
github.com/mab-go/golem/cmd/golem-tui/model.go:195.15,202.10 7 0
github.com/mab-go/golem/cmd/golem-tui/model.go:202.10,204.4 1 0
github.com/mab-go/golem/cmd/golem-tui/model.go:205.3,205.15 1 0
github.com/mab-go/golem/cmd/golem-tui/model.go:206.20,207.33 1 0
github.com/mab-go/golem/cmd/golem-tui/model.go:208.20,209.35 1 0
github.com/mab-go/golem/cmd/golem-tui/model.go:211.3,211.16 1 0
github.com/mab-go/golem/cmd/golem-tui/model.go:212.16,218.16 6 0
github.com/mab-go/golem/cmd/golem-tui/model.go:219.10,221.16 2 0
github.com/mab-go/golem/cmd/golem-tui/model.go:225.53,226.24 1 0
github.com/mab-go/golem/cmd/golem-tui/model.go:226.24,227.29 1 0
github.com/mab-go/golem/cmd/golem-tui/model.go:227.29,229.4 1 0
github.com/mab-go/golem/cmd/golem-tui/model.go:230.3,231.88 2 0
github.com/mab-go/golem/cmd/golem-tui/model.go:235.32,237.9 2 0
github.com/mab-go/golem/cmd/golem-tui/model.go:238.16,239.24 1 0
github.com/mab-go/golem/cmd/golem-tui/model.go:240.18,241.43 1 0
github.com/mab-go/golem/cmd/golem-tui/model.go:242.10,244.31 2 0
github.com/mab-go/golem/cmd/golem-tui/model.go:244.31,246.4 1 0
github.com/mab-go/golem/cmd/golem-tui/model.go:247.3,249.74 3 0
github.com/mab-go/golem/cmd/golem-tui/model.go:251.2,253.10 3 0
github.com/mab-go/golem/cmd/golem-tui/orchestrator.go:74.60,76.2 1 0
github.com/mab-go/golem/cmd/golem-tui/orchestrator.go:78.51,79.52 1 0
github.com/mab-go/golem/cmd/golem-tui/orchestrator.go:79.52,81.3 1 0
github.com/mab-go/golem/cmd/golem-tui/orchestrator.go:83.2,83.45 1 0
github.com/mab-go/golem/cmd/golem-tui/orchestrator.go:83.45,85.3 1 0
github.com/mab-go/golem/cmd/golem-tui/orchestrator.go:87.2,87.19 1 0
github.com/mab-go/golem/cmd/golem-tui/orchestrator.go:87.19,92.3 4 0
github.com/mab-go/golem/cmd/golem-tui/orchestrator.go:94.2,95.16 2 0
github.com/mab-go/golem/cmd/golem-tui/orchestrator.go:95.16,99.3 3 0
github.com/mab-go/golem/cmd/golem-tui/orchestrator.go:101.2,104.16 3 0
github.com/mab-go/golem/cmd/golem-tui/orchestrator.go:104.16,108.3 3 0
github.com/mab-go/golem/cmd/golem-tui/orchestrator.go:110.2,111.16 2 0
github.com/mab-go/golem/cmd/golem-tui/orchestrator.go:111.16,115.3 3 0
github.com/mab-go/golem/cmd/golem-tui/orchestrator.go:117.2,137.41 8 0
github.com/mab-go/golem/cmd/golem-tui/orchestrator.go:137.41,140.3 2 0
github.com/mab-go/golem/cmd/golem-tui/orchestrator.go:140.8,143.3 2 0
github.com/mab-go/golem/cmd/golem-tui/orchestrator.go:146.72,147.26 1 0
github.com/mab-go/golem/cmd/golem-tui/orchestrator.go:147.26,149.3 1 0
github.com/mab-go/golem/cmd/golem-tui/orchestrator.go:150.2,150.51 1 0
github.com/mab-go/golem/cmd/golem-tui/orchestrator.go:150.51,152.3 1 0
github.com/mab-go/golem/cmd/golem-tui/orchestrator.go:153.2,158.44 6 0
github.com/mab-go/golem/cmd/golem-tui/orchestrator.go:158.44,161.3 2 0
github.com/mab-go/golem/cmd/golem-tui/orchestrator.go:162.2,165.45 3 0
github.com/mab-go/golem/cmd/golem-tui/orchestrator.go:165.45,168.4 2 0
github.com/mab-go/golem/cmd/golem-tui/orchestrator.go:170.2,170.12 1 0
github.com/mab-go/golem/cmd/golem-tui/orchestrator.go:173.65,177.16 3 0
github.com/mab-go/golem/cmd/golem-tui/orchestrator.go:177.16,181.3 3 0
github.com/mab-go/golem/cmd/golem-tui/orchestrator.go:182.2,188.16 6 0
github.com/mab-go/golem/cmd/golem-tui/orchestrator.go:188.16,192.3 3 0
github.com/mab-go/golem/cmd/golem-tui/orchestrator.go:193.2,197.12 5 0
github.com/mab-go/golem/cmd/golem-tui/orchestrator.go:200.35,201.27 1 0
github.com/mab-go/golem/cmd/golem-tui/orchestrator.go:201.27,202.22 1 0
github.com/mab-go/golem/cmd/golem-tui/orchestrator.go:202.22,204.4 1 0
github.com/mab-go/golem/cmd/golem-tui/orchestrator.go:205.3,205.23 1 0
github.com/mab-go/golem/cmd/golem-tui/orchestrator.go:205.23,207.4 1 0
github.com/mab-go/golem/cmd/golem-tui/orchestrator.go:208.3,208.22 1 0
github.com/mab-go/golem/cmd/golem-tui/orchestrator.go:208.22,210.4 1 0
github.com/mab-go/golem/cmd/golem-tui/orchestrator.go:211.3,211.22 1 0
github.com/mab-go/golem/cmd/golem-tui/orchestrator.go:211.22,213.4 1 0
github.com/mab-go/golem/cmd/golem-tui/orchestrator.go:217.67,226.2 1 0
github.com/mab-go/golem/cmd/golem-tui/orchestrator.go:228.85,230.18 2 0
github.com/mab-go/golem/cmd/golem-tui/orchestrator.go:230.18,232.3 1 0
github.com/mab-go/golem/cmd/golem-tui/orchestrator.go:233.2,233.18 1 0
github.com/mab-go/golem/cmd/golem-tui/orchestrator.go:233.18,235.3 1 0
github.com/mab-go/golem/cmd/golem-tui/orchestrator.go:237.2,239.40 3 0
github.com/mab-go/golem/cmd/golem-tui/orchestrator.go:239.40,241.3 1 0
github.com/mab-go/golem/cmd/golem-tui/orchestrator.go:242.2,242.25 1 0
github.com/mab-go/golem/cmd/golem-tui/orchestrator.go:245.62,246.12 1 0
github.com/mab-go/golem/cmd/golem-tui/orchestrator.go:246.12,247.38 1 0
github.com/mab-go/golem/cmd/golem-tui/orchestrator.go:247.38,249.25 2 0
github.com/mab-go/golem/cmd/golem-tui/orchestrator.go:249.25,251.5 1 0
github.com/mab-go/golem/cmd/golem-tui/orchestrator.go:252.4,256.6 1 0
github.com/mab-go/golem/cmd/golem-tui/orchestrator.go:259.2,259.12 1 0
github.com/mab-go/golem/cmd/golem-tui/orchestrator.go:259.12,260.38 1 0
github.com/mab-go/golem/cmd/golem-tui/orchestrator.go:260.38,262.25 2 0
github.com/mab-go/golem/cmd/golem-tui/orchestrator.go:262.25,264.5 1 0
github.com/mab-go/golem/cmd/golem-tui/orchestrator.go:265.4,269.6 1 0
github.com/mab-go/golem/cmd/golem-tui/orchestrator.go:274.71,275.6 1 0
github.com/mab-go/golem/cmd/golem-tui/orchestrator.go:275.6,278.17 3 0
github.com/mab-go/golem/cmd/golem-tui/orchestrator.go:278.17,280.4 1 0
github.com/mab-go/golem/cmd/golem-tui/orchestrator.go:281.3,282.17 2 0
github.com/mab-go/golem/cmd/golem-tui/orchestrator.go:282.17,284.4 1 0
github.com/mab-go/golem/cmd/golem-tui/orchestrator.go:284.9,286.4 1 0
github.com/mab-go/golem/cmd/golem-tui/orchestrator.go:288.3,288.28 1 0
github.com/mab-go/golem/cmd/golem-tui/orchestrator.go:288.28,290.4 1 0
github.com/mab-go/golem/cmd/golem-tui/orchestrator.go:292.3,293.26 2 0
github.com/mab-go/golem/cmd/golem-tui/orchestrator.go:293.26,298.4 4 0
github.com/mab-go/golem/cmd/golem-tui/orchestrator.go:299.3,306.10 6 0
github.com/mab-go/golem/cmd/golem-tui/orchestrator.go:307.21,308.10 1 0
github.com/mab-go/golem/cmd/golem-tui/orchestrator.go:309.38,309.38 0 0
github.com/mab-go/golem/cmd/golem-tui/orchestrator.go:312.3,312.47 1 0
github.com/mab-go/golem/cmd/golem-tui/orchestrator.go:312.47,316.4 3 0
github.com/mab-go/golem/cmd/golem-tui/orchestrator.go:320.66,321.21 1 0
github.com/mab-go/golem/cmd/golem-tui/orchestrator.go:321.21,324.3 2 0
github.com/mab-go/golem/cmd/golem-tui/orchestrator.go:326.2,327.16 2 0
github.com/mab-go/golem/cmd/golem-tui/orchestrator.go:327.16,329.3 1 0
github.com/mab-go/golem/cmd/golem-tui/orchestrator.go:330.2,334.16 4 0
github.com/mab-go/golem/cmd/golem-tui/orchestrator.go:334.16,336.3 1 0
github.com/mab-go/golem/cmd/golem-tui/orchestrator.go:337.2,341.12 5 0
github.com/mab-go/golem/cmd/golem-tui/orchestrator.go:344.106,348.6 3 0
github.com/mab-go/golem/cmd/golem-tui/orchestrator.go:348.6,350.17 2 0
github.com/mab-go/golem/cmd/golem-tui/orchestrator.go:350.17,354.18 4 0
github.com/mab-go/golem/cmd/golem-tui/orchestrator.go:354.18,356.5 1 0
github.com/mab-go/golem/cmd/golem-tui/orchestrator.go:357.4,357.22 1 0
github.com/mab-go/golem/cmd/golem-tui/orchestrator.go:360.3,360.10 1 0
github.com/mab-go/golem/cmd/golem-tui/orchestrator.go:361.19,362.65 1 0
github.com/mab-go/golem/cmd/golem-tui/orchestrator.go:363.21,364.25 1 0
github.com/mab-go/golem/cmd/golem-tui/orchestrator.go:365.30,366.43 1 0
github.com/mab-go/golem/cmd/golem-tui/pane.go:37.49,39.2 1 0
github.com/mab-go/golem/cmd/golem-tui/pane.go:44.73,45.17 1 0
github.com/mab-go/golem/cmd/golem-tui/pane.go:45.17,47.3 1 0
github.com/mab-go/golem/cmd/golem-tui/pane.go:48.2,48.22 1 0
github.com/mab-go/golem/cmd/golem-tui/pane.go:49.18,52.14 3 0
github.com/mab-go/golem/cmd/golem-tui/pane.go:53.19,56.14 3 0
github.com/mab-go/golem/cmd/golem-tui/pane.go:58.2,58.14 1 0
github.com/mab-go/golem/cmd/golem-tui/pane.go:64.69,65.17 1 0
github.com/mab-go/golem/cmd/golem-tui/pane.go:65.17,67.3 1 0
github.com/mab-go/golem/cmd/golem-tui/pane.go:68.2,71.12 4 0
github.com/mab-go/golem/cmd/golem-tui/pane.go:76.63,82.2 5 0
github.com/mab-go/golem/cmd/golem-tui/pane.go:84.50,86.2 1 0
github.com/mab-go/golem/cmd/golem-tui/pane.go:90.83,94.15 4 0
github.com/mab-go/golem/cmd/golem-tui/pane.go:94.15,96.3 1 0
github.com/mab-go/golem/cmd/golem-tui/pane.go:97.2,97.18 1 0
github.com/mab-go/golem/cmd/golem-tui/remotepane.go:28.34,35.2 3 0
github.com/mab-go/golem/cmd/golem-tui/remotepane.go:39.59,42.2 2 0
github.com/mab-go/golem/cmd/golem-tui/remotepane.go:44.37,44.51 1 0
github.com/mab-go/golem/cmd/golem-tui/remotepane.go:46.58,47.27 1 0
github.com/mab-go/golem/cmd/golem-tui/remotepane.go:48.23,50.16 2 0
github.com/mab-go/golem/cmd/golem-tui/remotepane.go:52.21,54.24 2 0
github.com/mab-go/golem/cmd/golem-tui/remotepane.go:56.23,57.29 1 0
github.com/mab-go/golem/cmd/golem-tui/remotepane.go:57.29,59.4 1 0
github.com/mab-go/golem/cmd/golem-tui/remotepane.go:62.2,62.35 1 0
github.com/mab-go/golem/cmd/golem-tui/remotepane.go:65.36,66.13 1 0
github.com/mab-go/golem/cmd/golem-tui/remotepane.go:66.13,68.3 1 0
github.com/mab-go/golem/cmd/golem-tui/remotepane.go:69.2,78.77 8 0
github.com/mab-go/golem/cmd/golem-tui/remotepane.go:81.41,81.60 1 0
github.com/mab-go/golem/cmd/golem-tui/remotepane.go:82.41,82.61 1 0
github.com/mab-go/golem/cmd/golem-tui/remotepane.go:83.41,83.58 1 0
github.com/mab-go/golem/cmd/golem-tui/remotepane.go:85.40,93.2 7 0
github.com/mab-go/golem/cmd/golem-tui/remotepane.go:95.54,97.21 2 0
github.com/mab-go/golem/cmd/golem-tui/remotepane.go:97.21,99.3 1 0
github.com/mab-go/golem/cmd/golem-tui/remotepane.go:101.2,108.9 6 0
github.com/mab-go/golem/cmd/golem-tui/remotepane.go:108.9,109.25 1 0
github.com/mab-go/golem/cmd/golem-tui/remotepane.go:109.25,114.4 1 0
github.com/mab-go/golem/cmd/golem-tui/remotepane.go:117.2,117.21 1 0
github.com/mab-go/golem/cmd/golem-tui/remotepane.go:117.21,118.25 1 0
github.com/mab-go/golem/cmd/golem-tui/remotepane.go:118.25,123.4 1 0
github.com/mab-go/golem/cmd/golem-tui/remotepane.go:126.2,126.24 1 0
github.com/mab-go/golem/cmd/golem-tui/remotepane.go:126.24,131.3 4 0
github.com/mab-go/golem/cmd/golem-tui/remotepane.go:134.56,135.20 1 0
github.com/mab-go/golem/cmd/golem-tui/remotepane.go:135.20,137.3 1 0
github.com/mab-go/golem/cmd/golem-tui/remotepane.go:137.8,137.29 1 0
github.com/mab-go/golem/cmd/golem-tui/remotepane.go:137.29,138.56 1 0
github.com/mab-go/golem/cmd/golem-tui/remotepane.go:138.56,140.4 1 0
github.com/mab-go/golem/cmd/golem-tui/remotepane.go:142.2,142.16 1 0
github.com/mab-go/golem/cmd/golem-tui/remotepane.go:145.35,146.21 1 0
github.com/mab-go/golem/cmd/golem-tui/remotepane.go:146.21,149.3 2 0
github.com/mab-go/golem/cmd/golem-tui/remotepane.go:150.2,157.17 6 0
github.com/mab-go/golem/cmd/golem-tui/remotepane.go:157.17,159.3 1 0
github.com/mab-go/golem/cmd/golem-tui/remotepane.go:159.8,166.59 7 0
github.com/mab-go/golem/cmd/golem-tui/remotepane.go:166.59,168.4 1 0
github.com/mab-go/golem/cmd/golem-tui/remotepane.go:169.3,169.82 1 0
github.com/mab-go/golem/cmd/golem-tui/remotepane.go:171.2,171.17 1 0
github.com/mab-go/golem/cmd/golem-tui/remotepane.go:171.17,173.3 1 0
github.com/mab-go/golem/cmd/golem-tui/remotepane.go:173.8,180.24 5 0
github.com/mab-go/golem/cmd/golem-tui/remotepane.go:180.24,182.4 1 0
github.com/mab-go/golem/cmd/golem-tui/remotepane.go:182.9,182.28 1 0
github.com/mab-go/golem/cmd/golem-tui/remotepane.go:182.28,184.4 1 0
github.com/mab-go/golem/cmd/golem-tui/remotepane.go:185.3,185.20 1 0
github.com/mab-go/golem/cmd/golem-tui/remotepane.go:185.20,187.4 1 0
github.com/mab-go/golem/cmd/golem-tui/remotepane.go:189.2,189.35 1 0
github.com/mab-go/golem/cmd/golem-tui/remotepane.go:192.40,193.57 1 0
github.com/mab-go/golem/cmd/golem-tui/remotepane.go:193.57,195.3 1 0
github.com/mab-go/golem/cmd/golem-tui/remotepane.go:198.65,222.2 1 0
github.com/mab-go/golem/cmd/golem-tui/remotepane.go:224.81,225.20 1 0
github.com/mab-go/golem/cmd/golem-tui/remotepane.go:225.20,227.3 1 0
github.com/mab-go/golem/cmd/golem-tui/remotepane.go:228.2,229.14 2 0
github.com/mab-go/golem/cmd/golem-tui/remotepane.go:229.14,231.3 1 0
github.com/mab-go/golem/cmd/golem-tui/remotepane.go:232.2,232.20 1 0
github.com/mab-go/golem/cmd/golem-tui/remotepane.go:232.20,234.3 1 0
github.com/mab-go/golem/cmd/golem-tui/remotepane.go:235.2,236.20 2 0
github.com/mab-go/golem/cmd/golem-tui/remotepane.go:236.20,238.17 2 0
github.com/mab-go/golem/cmd/golem-tui/remotepane.go:238.17,241.18 3 0
github.com/mab-go/golem/cmd/golem-tui/remotepane.go:241.18,243.5 1 0
github.com/mab-go/golem/cmd/golem-tui/remotepane.go:244.4,244.37 1 0
github.com/mab-go/golem/cmd/golem-tui/remotepane.go:247.2,248.58 2 0
github.com/mab-go/golem/cmd/golem-tui/remotepane.go:248.58,250.3 1 0
github.com/mab-go/golem/cmd/golem-tui/remotepane.go:250.8,252.3 1 0
github.com/mab-go/golem/cmd/golem-tui/remotepane.go:253.2,254.16 2 0
github.com/mab-go/golem/cmd/golem-tui/remotepane.go:254.16,256.3 1 0
github.com/mab-go/golem/cmd/golem-tui/remotepane.go:257.2,257.35 1 0
github.com/mab-go/golem/cmd/golem-tui/remotepane.go:260.82,261.19 1 0
github.com/mab-go/golem/cmd/golem-tui/remotepane.go:261.19,263.3 1 0
github.com/mab-go/golem/cmd/golem-tui/remotepane.go:264.2,265.16 2 0
github.com/mab-go/golem/cmd/golem-tui/remotepane.go:265.16,267.3 1 0
github.com/mab-go/golem/cmd/golem-tui/remotepane.go:268.2,269.16 2 0
github.com/mab-go/golem/cmd/golem-tui/remotepane.go:269.16,271.3 1 0
github.com/mab-go/golem/cmd/golem-tui/remotepane.go:272.2,273.16 2 0
github.com/mab-go/golem/cmd/golem-tui/remotepane.go:273.16,275.3 1 0
github.com/mab-go/golem/cmd/golem-tui/remotepane.go:276.2,276.88 1 0
github.com/mab-go/golem/cmd/golem-tui/remotepane.go:279.82,280.20 1 0
github.com/mab-go/golem/cmd/golem-tui/remotepane.go:280.20,282.3 1 0
github.com/mab-go/golem/cmd/golem-tui/remotepane.go:283.2,283.19 1 0
github.com/mab-go/golem/cmd/golem-tui/remotepane.go:283.19,285.3 1 0
github.com/mab-go/golem/cmd/golem-tui/remotepane.go:286.2,287.16 2 0
github.com/mab-go/golem/cmd/golem-tui/remotepane.go:287.16,289.3 1 0
github.com/mab-go/golem/cmd/golem-tui/remotepane.go:290.2,291.16 2 0
github.com/mab-go/golem/cmd/golem-tui/remotepane.go:291.16,293.3 1 0
github.com/mab-go/golem/cmd/golem-tui/remotepane.go:294.2,294.26 1 0
github.com/mab-go/golem/cmd/golem-tui/remotepane.go:294.26,296.3 1 0
github.com/mab-go/golem/cmd/golem-tui/remotepane.go:297.2,297.37 1 0
github.com/mab-go/golem/cmd/golem-tui/remotepane.go:300.79,302.16 2 0
github.com/mab-go/golem/cmd/golem-tui/remotepane.go:302.16,304.3 1 0
github.com/mab-go/golem/cmd/golem-tui/remotepane.go:305.2,305.26 1 0
github.com/mab-go/golem/cmd/golem-tui/remotepane.go:305.26,307.3 1 0
github.com/mab-go/golem/cmd/golem-tui/remotepane.go:308.2,308.26 1 0
github.com/mab-go/golem/cmd/golem-tui/remotepane.go:311.83,314.16 3 0
github.com/mab-go/golem/cmd/golem-tui/remotepane.go:314.16,316.3 1 0
github.com/mab-go/golem/cmd/golem-tui/remotepane.go:317.2,317.26 1 0
github.com/mab-go/golem/cmd/golem-tui/remotepane.go:317.26,319.3 1 0
github.com/mab-go/golem/cmd/golem-tui/remotepane.go:320.2,320.13 1 0
github.com/mab-go/golem/cmd/golem-tui/remotepane.go:320.13,322.3 1 0
github.com/mab-go/golem/cmd/golem-tui/remotepane.go:323.2,323.36 1 0
github.com/mab-go/golem/cmd/golem-tui/remotepane.go:326.81,328.16 2 0
github.com/mab-go/golem/cmd/golem-tui/remotepane.go:328.16,330.3 1 0
github.com/mab-go/golem/cmd/golem-tui/remotepane.go:331.2,336.54 6 0
github.com/mab-go/golem/cmd/golem-tui/remotepane.go:336.54,338.3 1 0
github.com/mab-go/golem/cmd/golem-tui/remotepane.go:339.2,339.52 1 0
github.com/mab-go/golem/cmd/golem-tui/remotepane.go:339.52,341.3 1 0
github.com/mab-go/golem/cmd/golem-tui/remotepane.go:342.2,342.33 1 0
github.com/mab-go/golem/cmd/golem-tui/remotepane.go:342.33,344.3 1 0
github.com/mab-go/golem/cmd/golem-tui/remotepane.go:345.2,345.39 1 0
github.com/mab-go/golem/cmd/golem-tui/remotepane.go:348.75,350.16 2 0
github.com/mab-go/golem/cmd/golem-tui/remotepane.go:350.16,352.3 1 0
github.com/mab-go/golem/cmd/golem-tui/remotepane.go:353.2,358.34 6 0
github.com/mab-go/golem/cmd/golem-tui/remotepane.go:358.34,361.49 3 0
github.com/mab-go/golem/cmd/golem-tui/remotepane.go:361.49,363.4 1 0
github.com/mab-go/golem/cmd/golem-tui/remotepane.go:364.3,364.36 1 0
github.com/mab-go/golem/cmd/golem-tui/remotepane.go:364.36,366.4 1 0
github.com/mab-go/golem/cmd/golem-tui/remotepane.go:368.2,368.33 1 0
github.com/mab-go/golem/cmd/golem-tui/remotepane.go:368.33,371.48 3 0
github.com/mab-go/golem/cmd/golem-tui/remotepane.go:371.48,374.4 1 0
github.com/mab-go/golem/cmd/golem-tui/remotepane.go:376.2,376.39 1 0
github.com/mab-go/golem/cmd/golem-tui/remotepane.go:379.84,381.16 2 0
github.com/mab-go/golem/cmd/golem-tui/remotepane.go:381.16,383.3 1 0
github.com/mab-go/golem/cmd/golem-tui/remotepane.go:384.2,386.34 3 0
github.com/mab-go/golem/cmd/golem-tui/remotepane.go:386.34,388.3 1 0
github.com/mab-go/golem/cmd/golem-tui/remotepane.go:389.2,389.30 1 0
github.com/mab-go/golem/cmd/golem-tui/remotepane.go:389.30,391.40 2 0
github.com/mab-go/golem/cmd/golem-tui/remotepane.go:391.40,393.4 1 0
github.com/mab-go/golem/cmd/golem-tui/remotepane.go:395.2,395.39 1 0
github.com/mab-go/golem/cmd/golem-tui/remotepane.go:398.82,399.20 1 0
github.com/mab-go/golem/cmd/golem-tui/remotepane.go:399.20,401.3 1 0
github.com/mab-go/golem/cmd/golem-tui/remotepane.go:402.2,404.58 3 0
github.com/mab-go/golem/cmd/golem-tui/remotepane.go:404.58,406.3 1 0
github.com/mab-go/golem/cmd/golem-tui/remotepane.go:406.8,408.3 1 0
github.com/mab-go/golem/cmd/golem-tui/remotepane.go:409.2,410.16 2 0
github.com/mab-go/golem/cmd/golem-tui/remotepane.go:410.16,412.3 1 0
github.com/mab-go/golem/cmd/golem-tui/remotepane.go:413.2,413.17 1 0
github.com/mab-go/golem/cmd/golem-tui/remotepane.go:413.17,415.3 1 0
github.com/mab-go/golem/cmd/golem-tui/remotepane.go:416.2,417.84 1 0
github.com/mab-go/golem/cmd/golem-tui/remotepane.go:420.81,422.16 2 0
github.com/mab-go/golem/cmd/golem-tui/remotepane.go:422.16,424.3 1 0
github.com/mab-go/golem/cmd/golem-tui/remotepane.go:425.2,425.26 1 0
github.com/mab-go/golem/cmd/golem-tui/remotepane.go:428.88,430.16 2 0
github.com/mab-go/golem/cmd/golem-tui/remotepane.go:430.16,432.3 1 0
github.com/mab-go/golem/cmd/golem-tui/remotepane.go:433.2,433.26 1 0
github.com/mab-go/golem/cmd/golem-tui/remotepane.go:433.26,435.3 1 0
github.com/mab-go/golem/cmd/golem-tui/remotepane.go:436.2,437.34 2 0
github.com/mab-go/golem/cmd/golem-tui/remotepane.go:437.34,439.33 2 0
github.com/mab-go/golem/cmd/golem-tui/remotepane.go:439.33,441.4 1 0
github.com/mab-go/golem/cmd/golem-tui/remotepane.go:442.3,442.88 1 0
github.com/mab-go/golem/cmd/golem-tui/remotepane.go:444.2,444.56 1 0
github.com/mab-go/golem/cmd/golem-tui/remotepane.go:447.84,449.19 2 0
github.com/mab-go/golem/cmd/golem-tui/remotepane.go:449.19,451.26 2 0
github.com/mab-go/golem/cmd/golem-tui/remotepane.go:451.26,453.4 1 0
github.com/mab-go/golem/cmd/golem-tui/remotepane.go:455.2,456.16 2 0
github.com/mab-go/golem/cmd/golem-tui/remotepane.go:456.16,458.3 1 0
github.com/mab-go/golem/cmd/golem-tui/remotepane.go:459.2,459.26 1 0
github.com/mab-go/golem/cmd/golem-tui/remotepane.go:462.81,464.19 2 0
github.com/mab-go/golem/cmd/golem-tui/remotepane.go:464.19,466.3 1 0
github.com/mab-go/golem/cmd/golem-tui/remotepane.go:467.2,468.16 2 0
github.com/mab-go/golem/cmd/golem-tui/remotepane.go:468.16,470.3 1 0
github.com/mab-go/golem/cmd/golem-tui/remotepane.go:471.2,471.26 1 0
github.com/mab-go/golem/cmd/golem-tui/remotepane.go:471.26,473.3 1 0
github.com/mab-go/golem/cmd/golem-tui/remotepane.go:474.2,474.42 1 0
github.com/mab-go/golem/cmd/golem-tui/remotepane.go:477.83,478.20 1 0
github.com/mab-go/golem/cmd/golem-tui/remotepane.go:478.20,480.3 1 0
github.com/mab-go/golem/cmd/golem-tui/remotepane.go:481.2,482.19 2 0
github.com/mab-go/golem/cmd/golem-tui/remotepane.go:482.19,485.3 2 0
github.com/mab-go/golem/cmd/golem-tui/remotepane.go:486.2,488.16 3 0
github.com/mab-go/golem/cmd/golem-tui/remotepane.go:488.16,490.3 1 0
github.com/mab-go/golem/cmd/golem-tui/remotepane.go:491.2,491.26 1 0
github.com/mab-go/golem/cmd/golem-tui/remotepane.go:491.26,493.3 1 0
github.com/mab-go/golem/cmd/golem-tui/remotepane.go:494.2,494.42 1 0
github.com/mab-go/golem/cmd/golem-tui/remotepane.go:497.78,499.16 2 0
github.com/mab-go/golem/cmd/golem-tui/remotepane.go:499.16,501.3 1 0
github.com/mab-go/golem/cmd/golem-tui/remotepane.go:502.2,502.26 1 0
github.com/mab-go/golem/cmd/golem-tui/remotepane.go:502.26,504.3 1 0
github.com/mab-go/golem/cmd/golem-tui/remotepane.go:505.2,505.42 1 0
github.com/mab-go/golem/cmd/golem-tui/remotepane.go:508.81,509.19 1 0
github.com/mab-go/golem/cmd/golem-tui/remotepane.go:509.19,511.3 1 0
github.com/mab-go/golem/cmd/golem-tui/remotepane.go:512.2,513.16 2 0
github.com/mab-go/golem/cmd/golem-tui/remotepane.go:513.16,515.3 1 0
github.com/mab-go/golem/cmd/golem-tui/remotepane.go:516.2,517.16 2 0
github.com/mab-go/golem/cmd/golem-tui/remotepane.go:517.16,519.3 1 0
github.com/mab-go/golem/cmd/golem-tui/remotepane.go:520.2,520.26 1 0
github.com/mab-go/golem/cmd/golem-tui/remotepane.go:520.26,522.3 1 0
github.com/mab-go/golem/cmd/golem-tui/remotepane.go:523.2,524.25 2 0
github.com/mab-go/golem/cmd/golem-tui/remotepane.go:524.25,526.32 2 0
github.com/mab-go/golem/cmd/golem-tui/remotepane.go:526.32,528.4 1 0
github.com/mab-go/golem/cmd/golem-tui/remotepane.go:529.3,529.45 1 0
github.com/mab-go/golem/cmd/golem-tui/remotepane.go:531.2,531.50 1 0
github.com/mab-go/golem/cmd/golem-tui/remotepane.go:534.83,535.19 1 0
github.com/mab-go/golem/cmd/golem-tui/remotepane.go:535.19,537.3 1 0
github.com/mab-go/golem/cmd/golem-tui/remotepane.go:538.2,540.16 3 0
github.com/mab-go/golem/cmd/golem-tui/remotepane.go:540.16,542.3 1 0
github.com/mab-go/golem/cmd/golem-tui/remotepane.go:543.2,544.19 2 0
github.com/mab-go/golem/cmd/golem-tui/remotepane.go:544.19,546.3 1 0
github.com/mab-go/golem/cmd/golem-tui/remotepane.go:547.2,548.16 2 0
github.com/mab-go/golem/cmd/golem-tui/remotepane.go:548.16,550.3 1 0
github.com/mab-go/golem/cmd/golem-tui/remotepane.go:551.2,551.26 1 0
github.com/mab-go/golem/cmd/golem-tui/remotepane.go:551.26,553.3 1 0
github.com/mab-go/golem/cmd/golem-tui/remotepane.go:554.2,554.42 1 0
github.com/mab-go/golem/cmd/golem-tui/remotepane.go:557.84,558.20 1 0
github.com/mab-go/golem/cmd/golem-tui/remotepane.go:558.20,560.3 1 0
github.com/mab-go/golem/cmd/golem-tui/remotepane.go:561.2,562.16 2 0
github.com/mab-go/golem/cmd/golem-tui/remotepane.go:562.16,564.3 1 0
github.com/mab-go/golem/cmd/golem-tui/remotepane.go:565.2,566.16 2 0
github.com/mab-go/golem/cmd/golem-tui/remotepane.go:566.16,568.3 1 0
github.com/mab-go/golem/cmd/golem-tui/remotepane.go:569.2,569.26 1 0
github.com/mab-go/golem/cmd/golem-tui/remotepane.go:569.26,571.3 1 0
github.com/mab-go/golem/cmd/golem-tui/remotepane.go:572.2,572.42 1 0
github.com/mab-go/golem/cmd/golem-tui/remotepane.go:575.86,576.19 1 0
github.com/mab-go/golem/cmd/golem-tui/remotepane.go:576.19,578.3 1 0
github.com/mab-go/golem/cmd/golem-tui/remotepane.go:579.2,590.9 5 0
github.com/mab-go/golem/cmd/golem-tui/remotepane.go:590.9,592.3 1 0
github.com/mab-go/golem/cmd/golem-tui/remotepane.go:593.2,598.16 3 0
github.com/mab-go/golem/cmd/golem-tui/remotepane.go:598.16,600.3 1 0
github.com/mab-go/golem/cmd/golem-tui/remotepane.go:601.2,601.26 1 0
github.com/mab-go/golem/cmd/golem-tui/remotepane.go:601.26,603.3 1 0
github.com/mab-go/golem/cmd/golem-tui/remotepane.go:604.2,604.39 1 0
github.com/mab-go/golem/cmd/golem-tui/remotepane.go:607.83,608.20 1 0
github.com/mab-go/golem/cmd/golem-tui/remotepane.go:608.20,610.3 1 0
github.com/mab-go/golem/cmd/golem-tui/remotepane.go:611.2,613.19 3 0
github.com/mab-go/golem/cmd/golem-tui/remotepane.go:613.19,615.17 2 0
github.com/mab-go/golem/cmd/golem-tui/remotepane.go:615.17,618.4 2 0
github.com/mab-go/golem/cmd/golem-tui/remotepane.go:618.9,620.4 1 0
github.com/mab-go/golem/cmd/golem-tui/remotepane.go:622.2,623.16 2 0
github.com/mab-go/golem/cmd/golem-tui/remotepane.go:623.16,625.3 1 0
github.com/mab-go/golem/cmd/golem-tui/remotepane.go:626.2,626.26 1 0
github.com/mab-go/golem/cmd/golem-tui/remotepane.go:626.26,628.3 1 0
github.com/mab-go/golem/cmd/golem-tui/remotepane.go:629.2,629.42 1 0
github.com/mab-go/golem/cmd/golem-tui/remotepane.go:632.82,633.20 1 0
github.com/mab-go/golem/cmd/golem-tui/remotepane.go:633.20,635.3 1 0
github.com/mab-go/golem/cmd/golem-tui/remotepane.go:636.2,638.16 3 0
github.com/mab-go/golem/cmd/golem-tui/remotepane.go:638.16,640.3 1 0
github.com/mab-go/golem/cmd/golem-tui/remotepane.go:641.2,641.24 1 0
github.com/mab-go/golem/cmd/golem-tui/remotepane.go:644.77,671.2 1 0
github.com/mab-go/golem/cmd/golem-tui/remotepane.go:673.49,674.19 1 0
github.com/mab-go/golem/cmd/golem-tui/remotepane.go:674.19,676.3 1 0
github.com/mab-go/golem/cmd/golem-tui/remotepane.go:677.2,678.16 2 0
github.com/mab-go/golem/cmd/golem-tui/remotepane.go:678.16,680.3 1 0
github.com/mab-go/golem/cmd/golem-tui/remotepane.go:681.2,682.16 2 0
github.com/mab-go/golem/cmd/golem-tui/remotepane.go:682.16,684.3 1 0
github.com/mab-go/golem/cmd/golem-tui/remotepane.go:685.2,686.16 2 0
github.com/mab-go/golem/cmd/golem-tui/remotepane.go:686.16,688.3 1 0
github.com/mab-go/golem/cmd/golem-tui/remotepane.go:689.2,689.40 1 0
github.com/mab-go/golem/cmd/golem-tui/remotepane.go:692.58,693.26 1 0
github.com/mab-go/golem/cmd/golem-tui/remotepane.go:693.26,695.3 1 0
github.com/mab-go/golem/cmd/golem-tui/remotepane.go:696.2,698.46 2 0
github.com/mab-go/golem/cmd/golem-tui/remotepane.go:701.33,706.27 3 0
github.com/mab-go/golem/cmd/golem-tui/remotepane.go:706.27,707.33 1 0
github.com/mab-go/golem/cmd/golem-tui/remotepane.go:707.33,709.4 1 0
github.com/mab-go/golem/cmd/golem-tui/remotepane.go:711.2,711.14 1 0
github.com/mab-go/golem/cmd/golem-tui/remotepane.go:714.46,715.12 1 0
github.com/mab-go/golem/cmd/golem-tui/remotepane.go:715.12,717.3 1 0
github.com/mab-go/golem/cmd/golem-tui/remotepane.go:718.2,719.46 2 0
github.com/mab-go/golem/cmd/golem-tui/remotepane.go:719.46,720.20 1 0
github.com/mab-go/golem/cmd/golem-tui/remotepane.go:720.20,722.4 1 0
github.com/mab-go/golem/cmd/golem-tui/remotepane.go:723.3,723.30 1 0
github.com/mab-go/golem/cmd/golem-tui/remotepane.go:725.2,725.34 1 0
github.com/mab-go/golem/cmd/golem-tui/ringbuffer.go:11.46,16.2 1 0
github.com/mab-go/golem/cmd/golem-tui/ringbuffer.go:18.40,21.21 3 0
github.com/mab-go/golem/cmd/golem-tui/ringbuffer.go:21.21,23.3 1 0
github.com/mab-go/golem/cmd/golem-tui/ringbuffer.go:26.39,27.18 1 0
github.com/mab-go/golem/cmd/golem-tui/ringbuffer.go:27.18,29.3 1 0
github.com/mab-go/golem/cmd/golem-tui/ringbuffer.go:30.2,31.20 2 0
github.com/mab-go/golem/cmd/golem-tui/ringbuffer.go:31.20,33.3 1 0
github.com/mab-go/golem/cmd/golem-tui/ringbuffer.go:34.2,37.15 4 0
github.com/mab-go/golem/cmd/golem-tui/serverlog.go:19.40,24.2 1 0
github.com/mab-go/golem/cmd/golem-tui/serverlog.go:26.40,26.54 1 0
github.com/mab-go/golem/cmd/golem-tui/serverlog.go:28.61,29.27 1 0
github.com/mab-go/golem/cmd/golem-tui/serverlog.go:30.20,33.16 3 0
github.com/mab-go/golem/cmd/golem-tui/serverlog.go:35.26,36.46 1 0
github.com/mab-go/golem/cmd/golem-tui/serverlog.go:36.46,38.4 1 0
github.com/mab-go/golem/cmd/golem-tui/serverlog.go:39.3,40.16 2 0
github.com/mab-go/golem/cmd/golem-tui/serverlog.go:42.23,43.29 1 0
github.com/mab-go/golem/cmd/golem-tui/serverlog.go:43.29,45.4 1 0
github.com/mab-go/golem/cmd/golem-tui/serverlog.go:48.2,48.35 1 0
github.com/mab-go/golem/cmd/golem-tui/serverlog.go:51.39,52.13 1 0
github.com/mab-go/golem/cmd/golem-tui/serverlog.go:52.13,54.3 1 0
github.com/mab-go/golem/cmd/golem-tui/serverlog.go:55.2,55.87 1 0
github.com/mab-go/golem/cmd/golem-tui/serverlog.go:58.47,59.13 1 0
github.com/mab-go/golem/cmd/golem-tui/serverlog.go:59.13,61.3 1 0
github.com/mab-go/golem/cmd/golem-tui/serverlog.go:62.2,62.26 1 0
github.com/mab-go/golem/cmd/golem-tui/serverlog.go:65.44,65.67 1 0
github.com/mab-go/golem/cmd/golem-tui/serverlog.go:66.44,66.64 1 0
github.com/mab-go/golem/cmd/golem-tui/serverlog.go:67.44,67.61 1 0
github.com/mab-go/golem/cmd/golem-tui/serverlog.go:68.44,68.68 1 0
github.com/mab-go/golem/cmd/golem-tui/serverlog.go:70.56,73.20 3 0
github.com/mab-go/golem/cmd/golem-tui/serverlog.go:73.20,75.3 1 0
github.com/mab-go/golem/cmd/golem-tui/serverlog.go:75.8,75.29 1 0
github.com/mab-go/golem/cmd/golem-tui/serverlog.go:75.29,76.56 1 0
github.com/mab-go/golem/cmd/golem-tui/serverlog.go:76.56,78.4 1 0
github.com/mab-go/golem/cmd/golem-tui/serverlog.go:80.2,80.14 1 0
github.com/mab-go/golem/cmd/golem-tui/serverlog.go:83.48,86.28 3 0
github.com/mab-go/golem/cmd/golem-tui/serverlog.go:86.28,88.3 1 0
github.com/mab-go/golem/cmd/golem-tui/serverlog.go:89.2,89.24 1 0
github.com/mab-go/golem/cmd/golem-tui/sidecarlog.go:14.42,19.2 1 0
github.com/mab-go/golem/cmd/golem-tui/sidecarlog.go:21.41,21.55 1 0
github.com/mab-go/golem/cmd/golem-tui/sidecarlog.go:23.62,24.27 1 0
github.com/mab-go/golem/cmd/golem-tui/sidecarlog.go:25.21,28.16 3 0
github.com/mab-go/golem/cmd/golem-tui/sidecarlog.go:30.23,31.29 1 0
github.com/mab-go/golem/cmd/golem-tui/sidecarlog.go:31.29,33.4 1 0
github.com/mab-go/golem/cmd/golem-tui/sidecarlog.go:36.2,36.35 1 0
github.com/mab-go/golem/cmd/golem-tui/sidecarlog.go:39.40,40.13 1 0
github.com/mab-go/golem/cmd/golem-tui/sidecarlog.go:40.13,42.3 1 0
github.com/mab-go/golem/cmd/golem-tui/sidecarlog.go:43.2,43.87 1 0
github.com/mab-go/golem/cmd/golem-tui/sidecarlog.go:46.48,47.13 1 0
github.com/mab-go/golem/cmd/golem-tui/sidecarlog.go:47.13,49.3 1 0
github.com/mab-go/golem/cmd/golem-tui/sidecarlog.go:50.2,50.26 1 0
github.com/mab-go/golem/cmd/golem-tui/sidecarlog.go:53.45,53.69 1 0
github.com/mab-go/golem/cmd/golem-tui/sidecarlog.go:54.45,54.65 1 0
github.com/mab-go/golem/cmd/golem-tui/sidecarlog.go:55.45,55.62 1 0
github.com/mab-go/golem/cmd/golem-tui/sidecarlog.go:56.45,56.69 1 0
github.com/mab-go/golem/cmd/golem-tui/sidecarlog.go:58.50,61.28 3 0
github.com/mab-go/golem/cmd/golem-tui/sidecarlog.go:61.28,63.3 1 0
github.com/mab-go/golem/cmd/golem-tui/sidecarlog.go:64.2,64.24 1 0
github.com/mab-go/golem/cmd/golem-tui/statusbar.go:25.49,27.19 2 0
github.com/mab-go/golem/cmd/golem-tui/statusbar.go:27.19,29.3 1 0
github.com/mab-go/golem/cmd/golem-tui/statusbar.go:30.2,34.3 1 0
github.com/mab-go/golem/cmd/golem-tui/statusbar.go:37.90,39.2 1 0
github.com/mab-go/golem/cmd/golem-tui/statusbar.go:41.34,46.9 4 0
github.com/mab-go/golem/cmd/golem-tui/statusbar.go:47.32,48.40 1 0
github.com/mab-go/golem/cmd/golem-tui/statusbar.go:49.10,51.20 2 0
github.com/mab-go/golem/cmd/golem-tui/statusbar.go:51.20,53.4 1 0
github.com/mab-go/golem/cmd/golem-tui/statusbar.go:53.9,55.4 1 0
github.com/mab-go/golem/cmd/golem-tui/statusbar.go:57.2,57.60 1 0
github.com/mab-go/golem/cmd/golem-tui/statusbar.go:60.55,62.2 1 0
github.com/mab-go/golem/cmd/golem-tui/statusbar.go:64.57,66.21 2 0
github.com/mab-go/golem/cmd/golem-tui/statusbar.go:66.21,68.3 1 0
github.com/mab-go/golem/cmd/golem-tui/statusbar.go:69.2,69.23 1 0
github.com/mab-go/golem/cmd/golem-tui/statusbar.go:69.23,71.3 1 0
github.com/mab-go/golem/cmd/golem-tui/statusbar.go:72.2,72.51 1 0
github.com/mab-go/golem/cmd/golem-tui/statusbar.go:75.74,77.21 2 0
github.com/mab-go/golem/cmd/golem-tui/statusbar.go:77.21,79.3 1 0
github.com/mab-go/golem/cmd/golem-tui/statusbar.go:80.2,80.23 1 0
github.com/mab-go/golem/cmd/golem-tui/statusbar.go:80.23,82.3 1 0
github.com/mab-go/golem/cmd/golem-tui/statusbar.go:83.2,86.71 4 0
github.com/mab-go/golem/cmd/golem-tui/statusbar.go:89.46,90.28 1 0
github.com/mab-go/golem/cmd/golem-tui/statusbar.go:90.28,92.3 1 0
github.com/mab-go/golem/cmd/golem-tui/statusbar.go:94.2,95.40 2 0
github.com/mab-go/golem/cmd/golem-tui/statusbar.go:95.40,97.10 2 0
github.com/mab-go/golem/cmd/golem-tui/statusbar.go:97.10,98.12 1 0
github.com/mab-go/golem/cmd/golem-tui/statusbar.go:100.3,100.57 1 0
github.com/mab-go/golem/cmd/golem-tui/statusbar.go:103.2,104.26 2 0
github.com/mab-go/golem/cmd/golem-tui/statusbar.go:104.26,105.12 1 0
github.com/mab-go/golem/cmd/golem-tui/statusbar.go:105.12,107.4 1 0
github.com/mab-go/golem/cmd/golem-tui/statusbar.go:108.3,108.14 1 0
github.com/mab-go/golem/cmd/golem-tui/statusbar.go:110.2,110.15 1 0
github.com/mab-go/golem/cmd/golem-tui/statusbar.go:113.37,115.2 1 0
github.com/mab-go/golem/cmd/golem-tui/statusbar.go:117.50,119.2 1 0
github.com/mab-go/golem/cmd/golem-tui/statusbar.go:121.56,123.2 1 0
github.com/mab-go/golem/cmd/golem-tui/statusbar.go:125.67,128.19 3 0
github.com/mab-go/golem/cmd/golem-tui/statusbar.go:129.26,131.20 2 0
github.com/mab-go/golem/cmd/golem-tui/statusbar.go:132.32,134.20 2 0
github.com/mab-go/golem/cmd/golem-tui/statusbar.go:135.28,137.20 2 0
github.com/mab-go/golem/cmd/golem-tui/statusbar.go:139.2,140.65 2 0
github.com/mab-go/golem/cmd/golem-tui/styles.go:9.88,11.13 2 0
github.com/mab-go/golem/cmd/golem-tui/styles.go:11.13,13.3 1 0
github.com/mab-go/golem/cmd/golem-tui/styles.go:17.2,21.17 4 0
github.com/mab-go/golem/cmd/golem-tui/styles.go:21.17,23.21 2 0
github.com/mab-go/golem/cmd/golem-tui/styles.go:23.21,26.4 2 0
github.com/mab-go/golem/cmd/golem-tui/styles.go:29.2,29.17 1 0
github.com/mab-go/golem/cmd/golem-tui/styles.go:32.73,34.13 2 0
github.com/mab-go/golem/cmd/golem-tui/styles.go:34.13,36.3 1 0
github.com/mab-go/golem/cmd/golem-tui/styles.go:37.2,45.106 7 0
github.com/mab-go/golem/cmd/golem-tui/subprocess.go:23.81,29.16 5 0
github.com/mab-go/golem/cmd/golem-tui/subprocess.go:29.16,31.3 1 0
github.com/mab-go/golem/cmd/golem-tui/subprocess.go:32.2,33.16 2 0
github.com/mab-go/golem/cmd/golem-tui/subprocess.go:33.16,35.3 1 0
github.com/mab-go/golem/cmd/golem-tui/subprocess.go:37.2,37.36 1 0
github.com/mab-go/golem/cmd/golem-tui/subprocess.go:37.36,39.3 1 0
github.com/mab-go/golem/cmd/golem-tui/subprocess.go:41.2,45.12 4 0
github.com/mab-go/golem/cmd/golem-tui/subprocess.go:45.12,47.22 2 0
github.com/mab-go/golem/cmd/golem-tui/subprocess.go:47.22,49.4 1 0
github.com/mab-go/golem/cmd/golem-tui/subprocess.go:50.3,50.28 1 0
github.com/mab-go/golem/cmd/golem-tui/subprocess.go:53.2,53.12 1 0
github.com/mab-go/golem/cmd/golem-tui/subprocess.go:53.12,55.22 2 0
github.com/mab-go/golem/cmd/golem-tui/subprocess.go:55.22,57.4 1 0
github.com/mab-go/golem/cmd/golem-tui/subprocess.go:58.3,58.28 1 0
github.com/mab-go/golem/cmd/golem-tui/subprocess.go:61.2,61.12 1 0
github.com/mab-go/golem/cmd/golem-tui/subprocess.go:61.12,64.3 2 0
github.com/mab-go/golem/cmd/golem-tui/subprocess.go:66.2,71.8 1 0
github.com/mab-go/golem/cmd/golem-tui/subprocess.go:74.56,75.26 1 0
github.com/mab-go/golem/cmd/golem-tui/subprocess.go:75.26,77.3 1 0
github.com/mab-go/golem/cmd/golem-tui/subprocess.go:78.2,78.62 1 0
github.com/mab-go/golem/cmd/golem-tui/subprocess.go:78.62,80.3 1 0
github.com/mab-go/golem/cmd/golem-tui/subprocess.go:81.2,81.9 1 0
github.com/mab-go/golem/cmd/golem-tui/subprocess.go:82.23,83.13 1 0
github.com/mab-go/golem/cmd/golem-tui/subprocess.go:84.29,85.46 1 0
github.com/mab-go/golem/cmd/golem-tui/subprocess.go:85.46,87.4 1 0
github.com/mab-go/golem/cmd/golem-tui/subprocess.go:88.3,88.18 1 0
github.com/mab-go/golem/cmd/golem-tui/tabbedpane.go:25.70,31.2 5 2
github.com/mab-go/golem/cmd/golem-tui/tabbedpane.go:52.57,54.2 1 0
github.com/mab-go/golem/cmd/golem-tui/tabbedpane.go:56.37,58.31 2 0
github.com/mab-go/golem/cmd/golem-tui/tabbedpane.go:58.31,59.34 1 0
github.com/mab-go/golem/cmd/golem-tui/tabbedpane.go:59.34,61.4 1 0
github.com/mab-go/golem/cmd/golem-tui/tabbedpane.go:63.2,63.27 1 0
github.com/mab-go/golem/cmd/golem-tui/tabbedpane.go:66.58,67.55 1 0
github.com/mab-go/golem/cmd/golem-tui/tabbedpane.go:67.55,68.23 1 0
github.com/mab-go/golem/cmd/golem-tui/tabbedpane.go:69.25,71.17 2 0
github.com/mab-go/golem/cmd/golem-tui/tabbedpane.go:72.12,74.17 2 0
github.com/mab-go/golem/cmd/golem-tui/tabbedpane.go:78.2,78.43 1 0
github.com/mab-go/golem/cmd/golem-tui/tabbedpane.go:78.43,79.32 1 0
github.com/mab-go/golem/cmd/golem-tui/tabbedpane.go:79.32,80.33 1 0
github.com/mab-go/golem/cmd/golem-tui/tabbedpane.go:80.33,82.10 2 0
github.com/mab-go/golem/cmd/golem-tui/tabbedpane.go:87.2,88.31 2 0
github.com/mab-go/golem/cmd/golem-tui/tabbedpane.go:88.31,91.17 3 0
github.com/mab-go/golem/cmd/golem-tui/tabbedpane.go:91.17,93.4 1 0
github.com/mab-go/golem/cmd/golem-tui/tabbedpane.go:95.2,95.30 1 0
github.com/mab-go/golem/cmd/golem-tui/tabbedpane.go:98.36,99.26 1 0
github.com/mab-go/golem/cmd/golem-tui/tabbedpane.go:99.26,101.3 1 0
github.com/mab-go/golem/cmd/golem-tui/tabbedpane.go:103.2,106.31 3 0
github.com/mab-go/golem/cmd/golem-tui/tabbedpane.go:106.31,108.3 1 0
github.com/mab-go/golem/cmd/golem-tui/tabbedpane.go:109.2,114.18 3 0
github.com/mab-go/golem/cmd/golem-tui/tabbedpane.go:114.18,116.3 1 0
github.com/mab-go/golem/cmd/golem-tui/tabbedpane.go:118.2,128.32 3 0
github.com/mab-go/golem/cmd/golem-tui/tabbedpane.go:131.48,132.15 1 0
github.com/mab-go/golem/cmd/golem-tui/tabbedpane.go:132.15,134.3 1 0
github.com/mab-go/golem/cmd/golem-tui/tabbedpane.go:135.2,135.29 1 0
github.com/mab-go/golem/cmd/golem-tui/tabbedpane.go:138.98,140.12 2 0
github.com/mab-go/golem/cmd/golem-tui/tabbedpane.go:140.12,142.3 1 0
github.com/mab-go/golem/cmd/golem-tui/tabbedpane.go:147.2,147.13 1 0
github.com/mab-go/golem/cmd/golem-tui/tabbedpane.go:147.13,148.13 1 0
github.com/mab-go/golem/cmd/golem-tui/tabbedpane.go:148.13,150.4 1 0
github.com/mab-go/golem/cmd/golem-tui/tabbedpane.go:150.9,152.4 1 0
github.com/mab-go/golem/cmd/golem-tui/tabbedpane.go:154.2,160.12 2 0
github.com/mab-go/golem/cmd/golem-tui/tabbedpane.go:160.12,162.16 2 0
github.com/mab-go/golem/cmd/golem-tui/tabbedpane.go:162.16,164.4 1 0
github.com/mab-go/golem/cmd/golem-tui/tabbedpane.go:166.2,166.28 1 0
github.com/mab-go/golem/cmd/golem-tui/tabbedpane.go:173.76,174.16 1 0
github.com/mab-go/golem/cmd/golem-tui/tabbedpane.go:174.16,176.3 1 0
github.com/mab-go/golem/cmd/golem-tui/tabbedpane.go:177.2,179.43 3 0
github.com/mab-go/golem/cmd/golem-tui/tabbedpane.go:182.37,183.73 1 0
github.com/mab-go/golem/cmd/golem-tui/tabbedpane.go:183.73,185.3 1 0
github.com/mab-go/golem/cmd/golem-tui/tabbedpane.go:186.2,186.37 1 0
github.com/mab-go/golem/cmd/golem-tui/tabbedpane.go:189.37,189.57 1 0
github.com/mab-go/golem/cmd/golem-tui/tabbedpane.go:191.41,193.31 2 0
github.com/mab-go/golem/cmd/golem-tui/tabbedpane.go:193.31,195.3 1 0
github.com/mab-go/golem/cmd/golem-tui/tabbedpane.go:203.49,207.31 4 0
github.com/mab-go/golem/cmd/golem-tui/tabbedpane.go:207.31,209.3 1 0
github.com/mab-go/golem/cmd/golem-tui/tabbedpane.go:212.41,213.58 1 0
github.com/mab-go/golem/cmd/golem-tui/tabbedpane.go:213.58,215.3 1 0
github.com/mab-go/golem/cmd/golem-tui/tabbedpane.go:216.2,216.15 1 0
github.com/mab-go/golem/cmd/golem-tui/tabbedpane.go:216.15,219.3 2 0
github.com/mab-go/golem/cmd/golem-tui/tabbedpane.go:220.2,220.16 1 0
github.com/mab-go/golem/cmd/golem-tui/wrap.go:18.59,19.63 1 11
github.com/mab-go/golem/cmd/golem-tui/wrap.go:19.63,21.3 1 4
github.com/mab-go/golem/cmd/golem-tui/wrap.go:23.2,27.46 4 7
github.com/mab-go/golem/cmd/golem-tui/wrap.go:27.46,28.38 1 9
github.com/mab-go/golem/cmd/golem-tui/wrap.go:28.38,30.12 2 5
github.com/mab-go/golem/cmd/golem-tui/wrap.go:35.3,38.22 4 4
github.com/mab-go/golem/cmd/golem-tui/wrap.go:38.22,39.12 1 0
github.com/mab-go/golem/cmd/golem-tui/wrap.go:44.3,46.55 3 4
github.com/mab-go/golem/cmd/golem-tui/wrap.go:46.55,48.4 1 14
github.com/mab-go/golem/cmd/golem-tui/wrap.go:50.2,50.32 1 7
github.com/mab-go/golem/internal/claude/classification.go:43.41,44.22 1 3
github.com/mab-go/golem/internal/claude/classification.go:44.22,46.3 1 1
github.com/mab-go/golem/internal/claude/classification.go:48.2,50.16 3 2
github.com/mab-go/golem/internal/claude/classification.go:50.16,52.3 1 1
github.com/mab-go/golem/internal/claude/classification.go:53.2,53.53 1 1
github.com/mab-go/golem/internal/claude/classification.go:59.78,61.27 2 11
github.com/mab-go/golem/internal/claude/classification.go:61.27,63.15 2 17
github.com/mab-go/golem/internal/claude/classification.go:63.15,65.4 1 16
github.com/mab-go/golem/internal/claude/classification.go:66.3,66.68 1 17
github.com/mab-go/golem/internal/claude/classification.go:68.2,68.12 1 11
github.com/mab-go/golem/internal/claude/classification.go:74.87,78.27 4 5
github.com/mab-go/golem/internal/claude/classification.go:78.27,79.15 1 8
github.com/mab-go/golem/internal/claude/classification.go:79.15,81.12 2 1
github.com/mab-go/golem/internal/claude/classification.go:83.3,84.17 2 7
github.com/mab-go/golem/internal/claude/classification.go:84.17,86.4 1 2
github.com/mab-go/golem/internal/claude/classification.go:87.3,88.25 2 7
github.com/mab-go/golem/internal/claude/classification.go:88.25,90.4 1 1
github.com/mab-go/golem/internal/claude/classification.go:91.3,92.58 1 7
github.com/mab-go/golem/internal/claude/classification.go:94.2,98.20 2 5
github.com/mab-go/golem/internal/claude/classification.go:111.97,114.9 3 6
github.com/mab-go/golem/internal/claude/classification.go:114.9,116.3 1 1
github.com/mab-go/golem/internal/claude/classification.go:117.2,118.60 2 5
github.com/mab-go/golem/internal/claude/classification.go:118.60,120.3 1 0
github.com/mab-go/golem/internal/claude/classification.go:121.2,121.25 1 5
github.com/mab-go/golem/internal/claude/classification.go:121.25,122.41 1 9
github.com/mab-go/golem/internal/claude/classification.go:122.41,123.12 1 1
github.com/mab-go/golem/internal/claude/classification.go:125.3,126.10 2 8
github.com/mab-go/golem/internal/claude/classification.go:126.10,127.12 1 1
github.com/mab-go/golem/internal/claude/classification.go:129.3,130.33 2 7
github.com/mab-go/golem/internal/claude/classification.go:132.2,132.12 1 5
github.com/mab-go/golem/internal/claude/classification.go:138.48,141.42 3 6
github.com/mab-go/golem/internal/claude/classification.go:141.42,143.3 1 1
github.com/mab-go/golem/internal/claude/classification.go:144.2,144.31 1 5
github.com/mab-go/golem/internal/claude/classification.go:147.60,148.47 1 16
github.com/mab-go/golem/internal/claude/classification.go:149.13,150.51 1 4
github.com/mab-go/golem/internal/claude/classification.go:151.16,152.54 1 0
github.com/mab-go/golem/internal/claude/classification.go:153.14,154.52 1 5
github.com/mab-go/golem/internal/claude/classification.go:155.18,156.56 1 4
github.com/mab-go/golem/internal/claude/classification.go:157.10,158.18 1 3
github.com/mab-go/golem/internal/claude/client.go:131.48,132.27 1 1
github.com/mab-go/golem/internal/claude/client.go:132.27,132.51 1 1
github.com/mab-go/golem/internal/claude/client.go:136.26,137.27 1 7
github.com/mab-go/golem/internal/claude/client.go:137.27,137.60 1 7
github.com/mab-go/golem/internal/claude/client.go:137.61,137.62 0 5
github.com/mab-go/golem/internal/claude/client.go:144.94,145.16 1 1
github.com/mab-go/golem/internal/claude/client.go:145.16,147.3 1 1
github.com/mab-go/golem/internal/claude/client.go:148.2,148.20 1 1
github.com/mab-go/golem/internal/claude/client.go:148.20,150.3 1 1
github.com/mab-go/golem/internal/claude/client.go:151.2,152.18 2 1
github.com/mab-go/golem/internal/claude/client.go:152.18,154.3 1 0
github.com/mab-go/golem/internal/claude/client.go:155.2,161.90 2 1
github.com/mab-go/golem/internal/claude/client.go:161.90,163.3 1 0
github.com/mab-go/golem/internal/claude/client.go:164.2,164.10 1 1
github.com/mab-go/golem/internal/claude/client.go:178.22,180.2 1 3
github.com/mab-go/golem/internal/claude/client.go:194.22,195.17 1 14
github.com/mab-go/golem/internal/claude/client.go:195.17,197.3 1 1
github.com/mab-go/golem/internal/claude/client.go:198.2,198.24 1 13
github.com/mab-go/golem/internal/claude/client.go:198.24,200.3 1 1
github.com/mab-go/golem/internal/claude/client.go:202.2,203.25 2 12
github.com/mab-go/golem/internal/claude/client.go:203.25,205.3 1 8
github.com/mab-go/golem/internal/claude/client.go:206.2,207.29 2 12
github.com/mab-go/golem/internal/claude/client.go:207.29,209.3 1 8
github.com/mab-go/golem/internal/claude/client.go:211.2,220.38 3 12
github.com/mab-go/golem/internal/claude/client.go:225.91,227.20 2 15
github.com/mab-go/golem/internal/claude/client.go:227.20,229.44 2 82
github.com/mab-go/golem/internal/claude/client.go:229.44,231.4 1 0
github.com/mab-go/golem/internal/claude/client.go:232.3,232.39 1 82
github.com/mab-go/golem/internal/claude/client.go:232.39,234.24 2 15
github.com/mab-go/golem/internal/claude/client.go:234.24,236.23 2 14
github.com/mab-go/golem/internal/claude/client.go:236.23,238.6 1 9
github.com/mab-go/golem/internal/claude/client.go:242.2,242.37 1 15
github.com/mab-go/golem/internal/claude/client.go:242.37,244.3 1 2
github.com/mab-go/golem/internal/claude/client.go:246.2,248.18 3 13
github.com/mab-go/golem/internal/claude/client.go:265.77,270.18 4 17
github.com/mab-go/golem/internal/claude/client.go:270.18,275.3 1 13
github.com/mab-go/golem/internal/claude/client.go:276.2,276.19 1 17
github.com/mab-go/golem/internal/claude/client.go:276.19,278.3 1 2
github.com/mab-go/golem/internal/claude/client.go:279.2,279.15 1 17
github.com/mab-go/golem/internal/claude/client.go:282.65,284.29 2 15
github.com/mab-go/golem/internal/claude/client.go:284.29,286.31 2 18
github.com/mab-go/golem/internal/claude/client.go:286.31,288.4 1 20
github.com/mab-go/golem/internal/claude/client.go:289.3,289.17 1 18
github.com/mab-go/golem/internal/claude/client.go:290.22,291.63 1 2
github.com/mab-go/golem/internal/claude/client.go:292.11,293.58 1 16
github.com/mab-go/golem/internal/claude/client.go:300.2,301.12 2 15
github.com/mab-go/golem/internal/claude/client.go:307.57,309.53 2 17
github.com/mab-go/golem/internal/claude/client.go:309.53,310.39 1 14
github.com/mab-go/golem/internal/claude/client.go:310.39,312.4 1 14
github.com/mab-go/golem/internal/claude/client.go:314.2,314.17 1 17
github.com/mab-go/golem/internal/claude/client.go:314.17,316.3 1 3
github.com/mab-go/golem/internal/claude/client.go:317.2,318.9 2 14
github.com/mab-go/golem/internal/claude/client.go:319.26,320.32 1 12
github.com/mab-go/golem/internal/claude/client.go:321.29,322.35 1 0
github.com/mab-go/golem/internal/claude/client.go:323.32,324.38 1 2
github.com/mab-go/golem/internal/claude/client.go:325.27,326.33 1 0
github.com/mab-go/golem/internal/claude/client.go:330.59,331.16 1 20
github.com/mab-go/golem/internal/claude/client.go:332.20,335.58 1 2
github.com/mab-go/golem/internal/claude/client.go:336.23,337.28 1 2
github.com/mab-go/golem/internal/claude/client.go:338.10,339.40 1 16
github.com/mab-go/golem/internal/claude/client.go:346.64,347.27 1 5
github.com/mab-go/golem/internal/claude/client.go:347.27,349.3 1 2
github.com/mab-go/golem/internal/claude/client.go:351.2,352.21 2 3
github.com/mab-go/golem/internal/claude/client.go:352.21,356.3 1 1
github.com/mab-go/golem/internal/claude/client.go:357.2,358.21 2 3
github.com/mab-go/golem/internal/claude/client.go:358.21,360.3 1 2
github.com/mab-go/golem/internal/claude/client.go:361.2,378.3 2 3
github.com/mab-go/golem/internal/claude/client.go:381.58,382.21 1 15
github.com/mab-go/golem/internal/claude/client.go:382.21,384.3 1 13
github.com/mab-go/golem/internal/claude/client.go:385.2,386.26 2 2
github.com/mab-go/golem/internal/claude/client.go:386.26,391.26 2 4
github.com/mab-go/golem/internal/claude/client.go:391.26,393.4 1 1
github.com/mab-go/golem/internal/claude/client.go:394.3,394.58 1 4
github.com/mab-go/golem/internal/claude/client.go:394.58,396.4 1 0
github.com/mab-go/golem/internal/claude/client.go:397.3,397.62 1 4
github.com/mab-go/golem/internal/claude/client.go:401.2,402.12 2 2
github.com/mab-go/golem/internal/claude/client.go:405.63,417.36 3 14
github.com/mab-go/golem/internal/claude/client.go:417.36,418.36 1 16
github.com/mab-go/golem/internal/claude/client.go:419.28,421.41 2 14
github.com/mab-go/golem/internal/claude/client.go:422.31,433.6 2 2
github.com/mab-go/golem/internal/claude/client.go:436.2,437.13 2 14
github.com/mab-go/golem/internal/claude/context.go:52.43,54.2 1 11
github.com/mab-go/golem/internal/claude/context.go:58.40,62.31 4 4
github.com/mab-go/golem/internal/claude/context.go:62.31,67.3 1 5
github.com/mab-go/golem/internal/claude/context.go:68.2,68.12 1 4
github.com/mab-go/golem/internal/claude/context.go:79.43,83.44 4 26
github.com/mab-go/golem/internal/claude/context.go:83.44,85.3 1 21
github.com/mab-go/golem/internal/claude/context.go:86.2,87.45 2 5
github.com/mab-go/golem/internal/claude/context.go:87.45,88.41 1 11
github.com/mab-go/golem/internal/claude/context.go:88.41,91.4 2 3
github.com/mab-go/golem/internal/claude/context.go:97.44,98.26 1 11
github.com/mab-go/golem/internal/claude/context.go:98.26,100.3 1 4
github.com/mab-go/golem/internal/claude/context.go:101.2,101.32 1 7
github.com/mab-go/golem/internal/claude/context.go:101.32,102.32 1 7
github.com/mab-go/golem/internal/claude/context.go:102.32,104.4 1 4
github.com/mab-go/golem/internal/claude/context.go:106.2,106.13 1 3
github.com/mab-go/golem/internal/claude/context.go:110.27,114.2 3 1
github.com/mab-go/golem/internal/claude/context.go:117.29,121.2 3 4
github.com/mab-go/golem/internal/claude/context.go:131.104,133.2 1 6
github.com/mab-go/golem/internal/claude/context.go:138.86,140.16 2 5
github.com/mab-go/golem/internal/claude/context.go:140.16,142.3 1 0
github.com/mab-go/golem/internal/claude/context.go:144.2,164.34 19 5
github.com/mab-go/golem/internal/claude/context.go:164.34,166.3 1 1
github.com/mab-go/golem/internal/claude/context.go:166.8,168.3 1 4
github.com/mab-go/golem/internal/claude/context.go:169.2,171.30 2 5
github.com/mab-go/golem/internal/claude/context.go:171.30,173.3 1 1
github.com/mab-go/golem/internal/claude/context.go:175.2,175.28 1 5
github.com/mab-go/golem/internal/claude/context.go:175.28,179.3 3 1
github.com/mab-go/golem/internal/claude/context.go:181.2,181.32 1 5
github.com/mab-go/golem/internal/claude/context.go:181.32,183.40 2 1
github.com/mab-go/golem/internal/claude/context.go:183.40,185.4 1 2
github.com/mab-go/golem/internal/claude/context.go:186.3,186.82 1 1
github.com/mab-go/golem/internal/claude/context.go:189.2,192.8 1 5
github.com/mab-go/golem/internal/claude/context.go:196.68,202.2 5 1
github.com/mab-go/golem/internal/claude/context.go:207.32,210.21 3 21
github.com/mab-go/golem/internal/claude/context.go:210.21,212.3 1 20
github.com/mab-go/golem/internal/claude/context.go:213.2,213.49 1 1
github.com/mab-go/golem/internal/claude/context.go:217.40,219.13 2 8
github.com/mab-go/golem/internal/claude/context.go:219.13,221.3 1 1
github.com/mab-go/golem/internal/claude/context.go:222.2,223.21 2 7
github.com/mab-go/golem/internal/claude/context.go:223.21,225.3 1 6
github.com/mab-go/golem/internal/claude/context.go:226.2,226.93 1 1
github.com/mab-go/golem/internal/claude/escalation.go:31.104,34.26 3 2
github.com/mab-go/golem/internal/claude/escalation.go:34.26,36.3 1 1
github.com/mab-go/golem/internal/claude/escalation.go:38.2,42.77 2 2
github.com/mab-go/golem/internal/claude/gatekeeper.go:83.109,92.16 5 2
github.com/mab-go/golem/internal/claude/gatekeeper.go:92.16,94.3 1 1
github.com/mab-go/golem/internal/claude/gatekeeper.go:95.2,95.61 1 1
github.com/mab-go/golem/internal/claude/gatekeeper.go:99.60,109.2 9 7
github.com/mab-go/golem/internal/claude/gatekeeper.go:111.67,112.14 1 7
github.com/mab-go/golem/internal/claude/gatekeeper.go:112.14,115.3 1 2
github.com/mab-go/golem/internal/claude/gatekeeper.go:115.8,117.3 1 5
github.com/mab-go/golem/internal/claude/gatekeeper.go:120.79,121.16 1 7
github.com/mab-go/golem/internal/claude/gatekeeper.go:121.16,123.3 1 1
github.com/mab-go/golem/internal/claude/gatekeeper.go:123.8,125.3 1 6
github.com/mab-go/golem/internal/claude/gatekeeper.go:126.2,126.17 1 7
github.com/mab-go/golem/internal/claude/gatekeeper.go:126.17,128.3 1 1
github.com/mab-go/golem/internal/claude/gatekeeper.go:129.2,129.21 1 7
github.com/mab-go/golem/internal/claude/gatekeeper.go:129.21,131.3 1 1
github.com/mab-go/golem/internal/claude/gatekeeper.go:132.2,132.21 1 7
github.com/mab-go/golem/internal/claude/gatekeeper.go:135.93,139.29 3 4
github.com/mab-go/golem/internal/claude/gatekeeper.go:139.29,142.19 3 11
github.com/mab-go/golem/internal/claude/gatekeeper.go:142.19,144.4 1 3
github.com/mab-go/golem/internal/claude/gatekeeper.go:145.3,145.23 1 11
github.com/mab-go/golem/internal/claude/gatekeeper.go:145.23,147.4 1 8
github.com/mab-go/golem/internal/claude/gatekeeper.go:148.3,148.36 1 11
github.com/mab-go/golem/internal/claude/gatekeeper.go:148.36,150.31 2 2
github.com/mab-go/golem/internal/claude/gatekeeper.go:150.31,152.5 1 0
github.com/mab-go/golem/internal/claude/gatekeeper.go:153.9,157.4 3 9
github.com/mab-go/golem/internal/claude/gatekeeper.go:159.2,159.19 1 4
github.com/mab-go/golem/internal/claude/gatekeeper.go:162.68,163.24 1 7
github.com/mab-go/golem/internal/claude/gatekeeper.go:163.24,165.3 1 3
github.com/mab-go/golem/internal/claude/gatekeeper.go:167.2,175.4 3 4
github.com/mab-go/golem/internal/claude/gatekeeper.go:175.4,177.24 2 16
github.com/mab-go/golem/internal/claude/gatekeeper.go:177.24,178.12 1 8
github.com/mab-go/golem/internal/claude/gatekeeper.go:180.3,181.30 2 8
github.com/mab-go/golem/internal/claude/gatekeeper.go:181.30,183.4 1 9
github.com/mab-go/golem/internal/claude/gatekeeper.go:184.3,184.63 1 8
github.com/mab-go/golem/internal/claude/gatekeeper.go:188.65,189.17 1 7
github.com/mab-go/golem/internal/claude/gatekeeper.go:189.17,191.3 1 6
github.com/mab-go/golem/internal/claude/gatekeeper.go:192.2,193.63 1 1
github.com/mab-go/golem/internal/claude/gatekeeper.go:196.53,197.19 1 7
github.com/mab-go/golem/internal/claude/gatekeeper.go:197.19,199.3 1 1
github.com/mab-go/golem/internal/claude/gatekeeper.go:202.61,204.2 1 7
github.com/mab-go/golem/internal/claude/gatekeeper.go:206.65,207.22 1 9
github.com/mab-go/golem/internal/claude/gatekeeper.go:207.22,209.3 1 5
github.com/mab-go/golem/internal/claude/gatekeeper.go:210.2,211.27 2 4
github.com/mab-go/golem/internal/claude/gatekeeper.go:211.27,212.15 1 5
github.com/mab-go/golem/internal/claude/gatekeeper.go:212.15,213.12 1 1
github.com/mab-go/golem/internal/claude/gatekeeper.go:215.3,216.17 2 4
github.com/mab-go/golem/internal/claude/gatekeeper.go:216.17,218.4 1 1
github.com/mab-go/golem/internal/claude/gatekeeper.go:219.3,220.25 2 4
github.com/mab-go/golem/internal/claude/gatekeeper.go:220.25,222.4 1 0
github.com/mab-go/golem/internal/claude/gatekeeper.go:223.3,224.58 1 4
github.com/mab-go/golem/internal/claude/gatekeeper.go:243.87,245.9 2 7
github.com/mab-go/golem/internal/claude/gatekeeper.go:245.9,247.3 1 2
github.com/mab-go/golem/internal/claude/gatekeeper.go:249.2,250.65 2 5
github.com/mab-go/golem/internal/claude/gatekeeper.go:250.65,252.3 1 0
github.com/mab-go/golem/internal/claude/gatekeeper.go:254.2,255.62 2 5
github.com/mab-go/golem/internal/claude/gatekeeper.go:255.62,257.3 1 3
github.com/mab-go/golem/internal/claude/gatekeeper.go:258.2,258.17 1 5
github.com/mab-go/golem/internal/claude/gatekeeper.go:261.49,264.42 3 7
github.com/mab-go/golem/internal/claude/gatekeeper.go:264.42,266.3 1 2
github.com/mab-go/golem/internal/claude/gatekeeper.go:267.2,267.31 1 5
github.com/mab-go/golem/internal/claude/gatekeeper.go:270.107,272.27 2 3
github.com/mab-go/golem/internal/claude/gatekeeper.go:272.27,273.52 1 4
github.com/mab-go/golem/internal/claude/gatekeeper.go:273.52,274.12 1 1
github.com/mab-go/golem/internal/claude/gatekeeper.go:276.3,277.10 2 3
github.com/mab-go/golem/internal/claude/gatekeeper.go:277.10,278.12 1 0
github.com/mab-go/golem/internal/claude/gatekeeper.go:280.3,281.44 2 3
github.com/mab-go/golem/internal/claude/gatekeeper.go:283.2,283.19 1 3
github.com/mab-go/golem/internal/claude/journal.go:26.86,27.38 1 4
github.com/mab-go/golem/internal/claude/journal.go:27.38,29.3 1 3
github.com/mab-go/golem/internal/claude/journal.go:30.2,32.16 3 1
github.com/mab-go/golem/internal/claude/journal.go:32.16,34.3 1 0
github.com/mab-go/golem/internal/claude/journal.go:35.2,35.42 1 1
github.com/mab-go/golem/internal/claude/journal.go:41.79,51.2 3 2
github.com/mab-go/golem/internal/claude/knowledge.go:27.96,28.43 1 4
github.com/mab-go/golem/internal/claude/knowledge.go:28.43,30.3 1 3
github.com/mab-go/golem/internal/claude/knowledge.go:31.2,33.16 3 1
github.com/mab-go/golem/internal/claude/knowledge.go:33.16,35.3 1 0
github.com/mab-go/golem/internal/claude/knowledge.go:36.2,36.42 1 1
github.com/mab-go/golem/internal/claude/knowledge.go:42.89,52.2 3 2
github.com/mab-go/golem/internal/claude/metrics.go:33.28,35.2 1 8
github.com/mab-go/golem/internal/claude/metrics.go:40.49,41.29 1 3221
github.com/mab-go/golem/internal/claude/metrics.go:41.29,43.3 1 15
github.com/mab-go/golem/internal/claude/metrics.go:44.2,48.14 4 3206
github.com/mab-go/golem/internal/claude/metrics.go:48.14,51.3 2 6
github.com/mab-go/golem/internal/claude/metrics.go:52.2,56.38 5 3206
github.com/mab-go/golem/internal/claude/metrics.go:61.52,62.14 1 8
github.com/mab-go/golem/internal/claude/metrics.go:62.14,64.3 1 1
github.com/mab-go/golem/internal/claude/metrics.go:65.2,69.29 4 7
github.com/mab-go/golem/internal/claude/metrics.go:69.29,71.3 1 7
github.com/mab-go/golem/internal/claude/metrics.go:72.2,72.12 1 7
github.com/mab-go/golem/internal/claude/metrics.go:79.101,80.45 1 2
github.com/mab-go/golem/internal/claude/metrics.go:80.45,82.3 1 1
github.com/mab-go/golem/internal/claude/metrics.go:83.2,86.6 3 1
github.com/mab-go/golem/internal/claude/metrics.go:86.6,87.10 1 1
github.com/mab-go/golem/internal/claude/metrics.go:88.21,89.10 1 1
github.com/mab-go/golem/internal/claude/metrics.go:90.19,91.22 1 0
github.com/mab-go/golem/internal/claude/metrics.go:96.51,98.22 2 2
github.com/mab-go/golem/internal/claude/metrics.go:98.22,100.3 1 1
github.com/mab-go/golem/internal/claude/metrics.go:101.2,102.28 2 1
github.com/mab-go/golem/internal/claude/metrics.go:102.28,104.3 1 2
github.com/mab-go/golem/internal/claude/metrics.go:105.2,107.31 2 1
github.com/mab-go/golem/internal/claude/metrics.go:107.31,117.3 2 2
github.com/mab-go/golem/internal/claude/models.go:43.19,53.2 8 3
github.com/mab-go/golem/internal/claude/system_prompt.go:34.70,65.2 25 4
github.com/mab-go/golem/internal/claude/system_prompt.go:71.50,74.2 2 1
github.com/mab-go/golem/internal/claude/system_prompt.go:76.37,77.32 1 19
github.com/mab-go/golem/internal/claude/system_prompt.go:77.32,79.3 1 12
github.com/mab-go/golem/internal/claude/system_prompt.go:80.2,80.10 1 7
github.com/mab-go/golem/internal/claude/tools.go:65.21,76.2 10 2
github.com/mab-go/golem/internal/claude/tools.go:79.36,81.28 2 1
github.com/mab-go/golem/internal/claude/tools.go:81.28,83.3 1 41
github.com/mab-go/golem/internal/claude/tools.go:84.2,84.10 1 1
github.com/mab-go/golem/internal/claude/tools.go:89.26,181.2 2 2
github.com/mab-go/golem/internal/claude/tools.go:185.26,321.2 1 2
github.com/mab-go/golem/internal/claude/tools.go:325.26,424.2 2 2
github.com/mab-go/golem/internal/claude/tools.go:426.30,434.2 1 2
github.com/mab-go/golem/internal/claude/tools.go:438.26,501.2 2 2
github.com/mab-go/golem/internal/claude/tools.go:505.31,546.2 2 2
github.com/mab-go/golem/internal/claude/tools.go:550.25,613.2 1 2
github.com/mab-go/golem/internal/claude/tools.go:617.31,636.2 1 2
github.com/mab-go/golem/internal/claude/tools.go:640.80,646.23 2 82
github.com/mab-go/golem/internal/claude/tools.go:646.23,648.3 1 54
github.com/mab-go/golem/internal/claude/tools.go:649.2,649.10 1 82
github.com/mab-go/golem/internal/agent/agent.go:34.34,35.25 1 2
github.com/mab-go/golem/internal/agent/agent.go:35.25,37.3 1 1
github.com/mab-go/golem/internal/agent/agent.go:38.2,38.29 1 2
github.com/mab-go/golem/internal/agent/agent.go:38.29,40.3 1 1
github.com/mab-go/golem/internal/agent/agent.go:41.2,41.28 1 2
github.com/mab-go/golem/internal/agent/agent.go:41.28,43.3 1 2
github.com/mab-go/golem/internal/agent/agent.go:44.2,44.26 1 2
github.com/mab-go/golem/internal/agent/agent.go:44.26,46.3 1 1
github.com/mab-go/golem/internal/agent/agent.go:47.2,47.24 1 2
github.com/mab-go/golem/internal/agent/agent.go:47.24,49.3 1 2
github.com/mab-go/golem/internal/agent/agent.go:50.2,50.35 1 2
github.com/mab-go/golem/internal/agent/agent.go:50.35,52.3 1 2
github.com/mab-go/golem/internal/agent/agent.go:53.2,53.30 1 2
github.com/mab-go/golem/internal/agent/agent.go:53.30,55.3 1 2
github.com/mab-go/golem/internal/agent/agent.go:56.2,56.30 1 2
github.com/mab-go/golem/internal/agent/agent.go:56.30,58.3 1 2
github.com/mab-go/golem/internal/agent/agent.go:109.10,111.16 2 0
github.com/mab-go/golem/internal/agent/agent.go:111.16,113.3 1 0
github.com/mab-go/golem/internal/agent/agent.go:114.2,114.16 1 0
github.com/mab-go/golem/internal/agent/agent.go:114.16,116.3 1 0
github.com/mab-go/golem/internal/agent/agent.go:117.2,138.57 6 0
github.com/mab-go/golem/internal/agent/agent.go:138.57,140.3 1 0
github.com/mab-go/golem/internal/agent/agent.go:141.2,144.10 4 0
github.com/mab-go/golem/internal/agent/agent.go:149.58,152.2 2 1
github.com/mab-go/golem/internal/agent/agent.go:155.42,156.9 1 7
github.com/mab-go/golem/internal/agent/agent.go:157.25,157.25 0 6
github.com/mab-go/golem/internal/agent/agent.go:158.10,158.10 0 1
github.com/mab-go/golem/internal/agent/agent.go:163.48,167.2 3 9
github.com/mab-go/golem/internal/agent/agent.go:170.47,176.2 5 16
github.com/mab-go/golem/internal/agent/agent.go:186.46,190.2 3 6
github.com/mab-go/golem/internal/agent/agent.go:193.43,199.2 5 12
github.com/mab-go/golem/internal/agent/agent.go:203.80,209.46 2 6
github.com/mab-go/golem/internal/agent/agent.go:209.46,211.30 2 18
github.com/mab-go/golem/internal/agent/agent.go:211.30,213.4 1 1
github.com/mab-go/golem/internal/agent/agent.go:216.2,217.34 2 6
github.com/mab-go/golem/internal/agent/agent.go:217.34,219.17 2 6
github.com/mab-go/golem/internal/agent/agent.go:219.17,221.4 1 0
github.com/mab-go/golem/internal/agent/agent.go:222.3,223.13 2 6
github.com/mab-go/golem/internal/agent/agent.go:225.2,225.40 1 6
github.com/mab-go/golem/internal/agent/agent.go:225.40,227.17 2 6
github.com/mab-go/golem/internal/agent/agent.go:227.17,229.4 1 1
github.com/mab-go/golem/internal/agent/agent.go:230.3,231.13 2 5
github.com/mab-go/golem/internal/agent/agent.go:233.2,233.37 1 6
github.com/mab-go/golem/internal/agent/agent.go:233.37,235.17 2 6
github.com/mab-go/golem/internal/agent/agent.go:235.17,237.4 1 0
github.com/mab-go/golem/internal/agent/agent.go:238.3,239.13 2 6
github.com/mab-go/golem/internal/agent/agent.go:241.2,242.13 2 6
github.com/mab-go/golem/internal/agent/agent.go:247.116,254.12 3 6
github.com/mab-go/golem/internal/agent/agent.go:254.12,257.17 3 6
github.com/mab-go/golem/internal/agent/agent.go:257.17,260.4 2 1
github.com/mab-go/golem/internal/agent/agent.go:261.3,261.13 1 5
github.com/mab-go/golem/internal/agent/agent.go:263.2,263.12 1 6
github.com/mab-go/golem/internal/agent/agent.go:263.12,266.17 3 6
github.com/mab-go/golem/internal/agent/agent.go:266.17,269.4 2 0
github.com/mab-go/golem/internal/agent/agent.go:270.3,270.11 1 6
github.com/mab-go/golem/internal/agent/agent.go:272.2,273.21 2 6
github.com/mab-go/golem/internal/agent/agent.go:278.69,279.12 1 4
github.com/mab-go/golem/internal/agent/agent.go:279.12,280.10 1 2
github.com/mab-go/golem/internal/agent/agent.go:281.21,282.16 1 1
github.com/mab-go/golem/internal/agent/agent.go:283.11,284.15 1 1
github.com/mab-go/golem/internal/agent/agent.go:287.2,289.9 3 2
github.com/mab-go/golem/internal/agent/agent.go:290.20,291.15 1 1
github.com/mab-go/golem/internal/agent/agent.go:292.13,293.14 1 0
github.com/mab-go/golem/internal/agent/agent.go:294.20,295.14 1 1
github.com/mab-go/golem/internal/agent/agent.go:300.57,301.20 1 3
github.com/mab-go/golem/internal/agent/agent.go:301.20,303.3 1 2
github.com/mab-go/golem/internal/agent/agent.go:304.2,304.50 1 1
github.com/mab-go/golem/internal/agent/agent.go:307.55,308.20 1 5
github.com/mab-go/golem/internal/agent/agent.go:308.20,310.3 1 3
github.com/mab-go/golem/internal/agent/agent.go:311.2,312.25 2 2
github.com/mab-go/golem/internal/agent/agent.go:312.25,314.3 1 3
github.com/mab-go/golem/internal/agent/agent.go:315.2,315.14 1 2
github.com/mab-go/golem/internal/agent/chat.go:42.20,43.16 1 0
github.com/mab-go/golem/internal/agent/chat.go:43.16,45.3 1 0
github.com/mab-go/golem/internal/agent/chat.go:46.2,54.3 1 0
github.com/mab-go/golem/internal/agent/chat.go:76.87,77.63 1 10
github.com/mab-go/golem/internal/agent/chat.go:77.63,79.3 1 2
github.com/mab-go/golem/internal/agent/chat.go:80.2,82.42 3 8
github.com/mab-go/golem/internal/agent/chat.go:82.42,84.3 1 2
github.com/mab-go/golem/internal/agent/chat.go:86.2,86.67 1 6
github.com/mab-go/golem/internal/agent/chat.go:86.67,88.18 2 4
github.com/mab-go/golem/internal/agent/chat.go:88.18,89.56 1 4
github.com/mab-go/golem/internal/agent/chat.go:89.56,91.5 1 1
github.com/mab-go/golem/internal/agent/chat.go:93.3,93.13 1 4
github.com/mab-go/golem/internal/agent/chat.go:93.13,95.4 1 2
github.com/mab-go/golem/internal/agent/chat.go:96.3,96.37 1 2
github.com/mab-go/golem/internal/agent/chat.go:99.2,99.72 1 2
github.com/mab-go/golem/internal/agent/chat.go:104.87,106.30 2 20
github.com/mab-go/golem/internal/agent/chat.go:107.18,108.92 1 3
github.com/mab-go/golem/internal/agent/chat.go:110.15,112.52 2 3
github.com/mab-go/golem/internal/agent/chat.go:114.16,116.26 2 2
github.com/mab-go/golem/internal/agent/chat.go:118.14,119.41 1 3
github.com/mab-go/golem/internal/agent/chat.go:121.38,123.17 2 6
github.com/mab-go/golem/internal/agent/chat.go:123.17,125.4 1 0
github.com/mab-go/golem/internal/agent/chat.go:126.3,127.48 2 6
github.com/mab-go/golem/internal/agent/chat.go:129.16,130.31 1 1
github.com/mab-go/golem/internal/agent/chat.go:132.18,133.24 1 1
github.com/mab-go/golem/internal/agent/chat.go:133.24,135.4 1 1
github.com/mab-go/golem/internal/agent/chat.go:136.3,136.32 1 1
github.com/mab-go/golem/internal/agent/chat.go:138.10,139.73 1 1
github.com/mab-go/golem/internal/agent/chat.go:143.47,147.22 4 1
github.com/mab-go/golem/internal/agent/chat.go:147.22,149.3 1 1
github.com/mab-go/golem/internal/agent/chat.go:150.2,151.46 1 1
github.com/mab-go/golem/internal/agent/event_policy.go:12.50,13.27 1 8
github.com/mab-go/golem/internal/agent/event_policy.go:13.27,14.15 1 5
github.com/mab-go/golem/internal/agent/event_policy.go:14.15,15.12 1 1
github.com/mab-go/golem/internal/agent/event_policy.go:17.3,17.48 1 4
github.com/mab-go/golem/internal/agent/event_policy.go:17.48,19.4 1 1
github.com/mab-go/golem/internal/agent/event_policy.go:20.3,20.61 1 3
github.com/mab-go/golem/internal/agent/event_policy.go:20.61,22.4 1 1
github.com/mab-go/golem/internal/agent/event_policy.go:24.2,24.14 1 6
github.com/mab-go/golem/internal/agent/event_policy.go:29.53,30.27 1 13
github.com/mab-go/golem/internal/agent/event_policy.go:30.27,31.37 1 13
github.com/mab-go/golem/internal/agent/event_policy.go:31.37,33.4 1 3
github.com/mab-go/golem/internal/agent/event_policy.go:35.2,35.13 1 10
github.com/mab-go/golem/internal/agent/event_policy.go:38.43,39.54 1 28
github.com/mab-go/golem/internal/agent/event_policy.go:39.54,41.3 1 7
github.com/mab-go/golem/internal/agent/event_policy.go:42.2,42.16 1 21
github.com/mab-go/golem/internal/agent/event_policy.go:46.37,47.14 1 11
github.com/mab-go/golem/internal/agent/event_policy.go:48.39,50.17 2 9
github.com/mab-go/golem/internal/agent/event_policy.go:50.17,52.4 1 1
github.com/mab-go/golem/internal/agent/event_policy.go:53.3,54.80 2 8
github.com/mab-go/golem/internal/agent/event_policy.go:55.10,56.15 1 1
github.com/mab-go/golem/internal/agent/event_policy.go:62.43,67.2 2 6
github.com/mab-go/golem/internal/agent/gatekeeper_health.go:24.105,30.2 1 32
github.com/mab-go/golem/internal/agent/gatekeeper_health.go:32.48,42.55 7 127
github.com/mab-go/golem/internal/agent/gatekeeper_health.go:42.55,44.3 1 0
github.com/mab-go/golem/internal/agent/gatekeeper_health.go:45.2,48.28 3 127
github.com/mab-go/golem/internal/agent/gatekeeper_health.go:48.28,49.15 1 5227
github.com/mab-go/golem/internal/agent/gatekeeper_health.go:49.15,51.4 1 41
github.com/mab-go/golem/internal/agent/gatekeeper_health.go:54.2,56.59 3 127
github.com/mab-go/golem/internal/agent/gatekeeper_health.go:56.59,64.3 2 2
github.com/mab-go/golem/internal/agent/loop.go:22.48,28.6 5 0
github.com/mab-go/golem/internal/agent/loop.go:28.6,29.10 1 0
github.com/mab-go/golem/internal/agent/loop.go:30.21,32.14 2 0
github.com/mab-go/golem/internal/agent/loop.go:33.28,34.25 1 0
github.com/mab-go/golem/internal/agent/loop.go:34.25,35.13 1 0
github.com/mab-go/golem/internal/agent/loop.go:37.4,37.44 1 0
github.com/mab-go/golem/internal/agent/loop.go:37.44,38.25 1 0
github.com/mab-go/golem/internal/agent/loop.go:38.25,41.6 2 0
github.com/mab-go/golem/internal/agent/loop.go:42.5,43.35 2 0
github.com/mab-go/golem/internal/agent/loop.go:50.66,64.16 8 0
github.com/mab-go/golem/internal/agent/loop.go:64.16,66.3 1 0
github.com/mab-go/golem/internal/agent/loop.go:67.2,76.55 3 0
github.com/mab-go/golem/internal/agent/loop.go:76.55,78.25 2 0
github.com/mab-go/golem/internal/agent/loop.go:78.25,80.4 1 0
github.com/mab-go/golem/internal/agent/loop.go:82.2,82.12 1 0
github.com/mab-go/golem/internal/agent/loop.go:88.99,92.31 3 4
github.com/mab-go/golem/internal/agent/loop.go:92.31,97.3 4 1
github.com/mab-go/golem/internal/agent/loop.go:97.8,102.58 4 3
github.com/mab-go/golem/internal/agent/loop.go:102.58,106.18 4 0
github.com/mab-go/golem/internal/agent/loop.go:106.18,108.5 1 0
github.com/mab-go/golem/internal/agent/loop.go:109.4,109.38 1 0
github.com/mab-go/golem/internal/agent/loop.go:113.2,114.23 2 4
github.com/mab-go/golem/internal/agent/loop.go:114.23,116.31 2 1
github.com/mab-go/golem/internal/agent/loop.go:116.31,118.4 1 2
github.com/mab-go/golem/internal/agent/loop.go:121.2,121.33 1 4
github.com/mab-go/golem/internal/agent/loop.go:121.33,124.3 2 2
github.com/mab-go/golem/internal/agent/loop.go:126.2,126.13 1 4
github.com/mab-go/golem/internal/agent/loop.go:132.129,137.16 5 0
github.com/mab-go/golem/internal/agent/loop.go:137.16,139.3 1 0
github.com/mab-go/golem/internal/agent/loop.go:141.2,143.21 2 0
github.com/mab-go/golem/internal/agent/loop.go:143.21,145.3 1 0
github.com/mab-go/golem/internal/agent/loop.go:147.2,147.62 1 0
github.com/mab-go/golem/internal/agent/loop.go:147.62,150.3 2 0
github.com/mab-go/golem/internal/agent/loop.go:152.2,156.19 4 0
github.com/mab-go/golem/internal/agent/loop.go:159.101,162.27 3 1
github.com/mab-go/golem/internal/agent/loop.go:162.27,186.31 10 2
github.com/mab-go/golem/internal/agent/loop.go:186.31,189.4 2 0
github.com/mab-go/golem/internal/agent/loop.go:190.3,190.45 1 2
github.com/mab-go/golem/internal/agent/loop.go:192.2,192.55 1 1
github.com/mab-go/golem/internal/agent/loop.go:192.55,197.3 1 0
github.com/mab-go/golem/internal/agent/loop.go:198.2,198.29 1 1
github.com/mab-go/golem/internal/agent/loop.go:201.104,226.2 2 1
github.com/mab-go/golem/internal/agent/loop.go:230.90,235.40 4 6
github.com/mab-go/golem/internal/agent/loop.go:235.40,237.3 1 1
github.com/mab-go/golem/internal/agent/loop.go:237.8,239.3 1 5
github.com/mab-go/golem/internal/agent/loop.go:241.2,242.42 2 6
github.com/mab-go/golem/internal/agent/loop.go:242.42,242.78 1 0
github.com/mab-go/golem/internal/agent/loop.go:243.2,249.40 5 6
github.com/mab-go/golem/internal/agent/loop.go:249.40,251.17 2 1
github.com/mab-go/golem/internal/agent/loop.go:251.17,253.46 2 0
github.com/mab-go/golem/internal/agent/loop.go:253.46,256.5 2 0
github.com/mab-go/golem/internal/agent/loop.go:257.4,258.70 2 0
github.com/mab-go/golem/internal/agent/loop.go:260.3,260.23 1 1
github.com/mab-go/golem/internal/agent/loop.go:263.2,264.16 2 5
github.com/mab-go/golem/internal/agent/loop.go:264.16,266.45 2 2
github.com/mab-go/golem/internal/agent/loop.go:266.45,269.4 2 1
github.com/mab-go/golem/internal/agent/loop.go:270.3,271.68 2 1
github.com/mab-go/golem/internal/agent/loop.go:273.2,273.22 1 3
github.com/mab-go/golem/internal/agent/loop.go:276.49,277.21 1 5
github.com/mab-go/golem/internal/agent/loop.go:277.21,279.3 1 4
github.com/mab-go/golem/internal/agent/loop.go:280.2,280.37 1 1
github.com/mab-go/golem/internal/agent/loop.go:285.44,288.41 3 7
github.com/mab-go/golem/internal/agent/loop.go:288.41,290.3 1 3
github.com/mab-go/golem/internal/agent/loop.go:292.2,295.21 3 4
github.com/mab-go/golem/internal/agent/loop.go:295.21,299.3 3 3
github.com/mab-go/golem/internal/agent/loop.go:301.2,301.20 1 4
github.com/mab-go/golem/internal/agent/loop.go:301.20,303.28 2 3
github.com/mab-go/golem/internal/agent/loop.go:303.28,305.4 1 3
github.com/mab-go/golem/internal/agent/loop.go:308.2,308.19 1 4
github.com/mab-go/golem/internal/agent/loop.go:311.77,315.2 1 2
github.com/mab-go/golem/internal/agent/loop.go:320.100,324.55 2 1
github.com/mab-go/golem/internal/agent/loop.go:324.55,326.3 1 0
github.com/mab-go/golem/internal/agent/loop.go:328.2,334.17 6 1
github.com/mab-go/golem/internal/agent/loop.go:334.17,338.3 1 1
github.com/mab-go/golem/internal/agent/loop.go:339.2,349.16 10 1
github.com/mab-go/golem/internal/agent/loop.go:349.16,351.3 1 0
github.com/mab-go/golem/internal/agent/loop.go:353.2,360.42 2 1
github.com/mab-go/golem/internal/agent/loop.go:364.42,366.13 2 6
github.com/mab-go/golem/internal/agent/loop.go:366.13,368.3 1 2
github.com/mab-go/golem/internal/agent/loop.go:369.2,370.21 2 4
github.com/mab-go/golem/internal/agent/loop.go:370.21,372.3 1 3
github.com/mab-go/golem/internal/agent/loop.go:373.2,373.49 1 1
github.com/mab-go/golem/internal/agent/loop.go:378.73,380.32 2 3
github.com/mab-go/golem/internal/agent/loop.go:380.32,381.17 1 4
github.com/mab-go/golem/internal/agent/loop.go:382.25,383.20 1 3
github.com/mab-go/golem/internal/agent/loop.go:383.20,384.13 1 1
github.com/mab-go/golem/internal/agent/loop.go:386.4,386.81 1 2
github.com/mab-go/golem/internal/agent/loop.go:387.28,393.6 1 1
github.com/mab-go/golem/internal/agent/loop.go:396.2,396.69 1 3
github.com/mab-go/golem/internal/agent/loop.go:399.50,400.17 1 4
github.com/mab-go/golem/internal/agent/loop.go:400.17,402.3 1 2
github.com/mab-go/golem/internal/agent/loop.go:403.2,405.12 3 2
github.com/mab-go/golem/internal/agent/loop.go:414.48,416.23 2 0
github.com/mab-go/golem/internal/agent/loop.go:416.23,418.17 2 0
github.com/mab-go/golem/internal/agent/loop.go:418.17,420.33 2 0
github.com/mab-go/golem/internal/agent/loop.go:420.33,422.5 1 0
github.com/mab-go/golem/internal/agent/loop.go:423.4,424.12 2 0
github.com/mab-go/golem/internal/agent/loop.go:426.3,427.28 2 0
github.com/mab-go/golem/internal/agent/loop.go:431.99,432.6 1 0
github.com/mab-go/golem/internal/agent/loop.go:432.6,434.17 2 0
github.com/mab-go/golem/internal/agent/loop.go:434.17,435.41 1 0
github.com/mab-go/golem/internal/agent/loop.go:435.41,437.5 1 0
github.com/mab-go/golem/internal/agent/loop.go:438.4,439.10 2 0
github.com/mab-go/golem/internal/agent/loop.go:441.3,441.26 1 0
github.com/mab-go/golem/internal/agent/loop.go:445.69,446.16 1 4
github.com/mab-go/golem/internal/agent/loop.go:446.16,448.3 1 1
github.com/mab-go/golem/internal/agent/loop.go:449.2,451.49 2 3
github.com/mab-go/golem/internal/agent/loop.go:451.49,454.3 2 0
github.com/mab-go/golem/internal/agent/loop.go:456.2,458.62 2 3
github.com/mab-go/golem/internal/agent/loop.go:458.62,462.3 3 1
github.com/mab-go/golem/internal/agent/loop.go:464.2,464.89 1 2
github.com/mab-go/golem/internal/agent/loop.go:464.89,466.3 1 1
github.com/mab-go/golem/internal/agent/loop.go:469.73,472.23 3 2
github.com/mab-go/golem/internal/agent/loop.go:472.23,478.3 4 1
github.com/mab-go/golem/internal/agent/loop.go:479.2,479.17 1 1
github.com/mab-go/golem/internal/agent/loop.go:479.17,485.3 2 0
github.com/mab-go/golem/internal/agent/loop.go:486.2,492.29 4 1
github.com/mab-go/golem/internal/agent/loop.go:502.53,506.6 3 0
github.com/mab-go/golem/internal/agent/loop.go:506.6,507.10 1 0
github.com/mab-go/golem/internal/agent/loop.go:508.21,509.10 1 0
github.com/mab-go/golem/internal/agent/loop.go:510.19,511.25 1 0
github.com/mab-go/golem/internal/agent/loop.go:516.53,517.23 1 4
github.com/mab-go/golem/internal/agent/loop.go:517.23,520.3 2 1
github.com/mab-go/golem/internal/agent/loop.go:522.2,524.28 2 3
github.com/mab-go/golem/internal/agent/loop.go:524.28,526.3 1 0
github.com/mab-go/golem/internal/agent/loop.go:528.2,530.45 2 3
github.com/mab-go/golem/internal/agent/loop.go:530.45,531.22 1 1
github.com/mab-go/golem/internal/agent/loop.go:531.22,533.4 1 1
github.com/mab-go/golem/internal/agent/loop.go:534.3,534.9 1 1
github.com/mab-go/golem/internal/agent/loop.go:537.2,544.16 6 2
github.com/mab-go/golem/internal/agent/loop.go:544.16,546.3 1 0
github.com/mab-go/golem/internal/agent/loop.go:548.2,550.19 2 2
github.com/mab-go/golem/internal/agent/loop.go:550.19,562.3 2 1
github.com/mab-go/golem/internal/agent/loop.go:562.8,564.3 1 1
github.com/mab-go/golem/internal/agent/loop.go:567.102,568.92 1 8
github.com/mab-go/golem/internal/agent/loop.go:568.92,570.3 1 3
github.com/mab-go/golem/internal/agent/loop.go:571.2,572.46 2 5
github.com/mab-go/golem/internal/agent/loop.go:579.29,583.17 4 4
github.com/mab-go/golem/internal/agent/loop.go:583.17,588.3 4 3
github.com/mab-go/golem/internal/agent/loop.go:590.2,602.3 2 4
github.com/mab-go/golem/internal/agent/loop.go:606.43,608.16 2 7
github.com/mab-go/golem/internal/agent/loop.go:608.16,610.3 1 0
github.com/mab-go/golem/internal/agent/loop.go:611.2,612.17 2 7
github.com/mab-go/golem/internal/agent/loop.go:612.17,614.3 1 0
github.com/mab-go/golem/internal/agent/loop.go:615.2,615.53 1 7
github.com/mab-go/golem/internal/agent/loop.go:615.53,617.3 1 6
github.com/mab-go/golem/internal/agent/loop.go:618.2,618.14 1 1
github.com/mab-go/golem/internal/agent/loop.go:627.52,631.6 3 0
github.com/mab-go/golem/internal/agent/loop.go:631.6,632.10 1 0
github.com/mab-go/golem/internal/agent/loop.go:633.21,634.10 1 0
github.com/mab-go/golem/internal/agent/loop.go:635.19,637.45 2 0
github.com/mab-go/golem/internal/agent/loop.go:637.45,638.13 1 0
github.com/mab-go/golem/internal/agent/loop.go:640.4,641.49 2 0
github.com/mab-go/golem/internal/agent/loop.go:650.52,651.11 1 3
github.com/mab-go/golem/internal/agent/loop.go:651.11,653.3 1 1
github.com/mab-go/golem/internal/agent/loop.go:654.2,654.10 1 2
github.com/mab-go/golem/internal/agent/loop.go:657.42,658.17 1 3
github.com/mab-go/golem/internal/agent/loop.go:658.17,660.3 1 2
github.com/mab-go/golem/internal/agent/loop.go:661.2,661.22 1 1
github.com/mab-go/golem/internal/agent/loop.go:664.45,665.11 1 2
github.com/mab-go/golem/internal/agent/loop.go:666.35,667.22 1 1
github.com/mab-go/golem/internal/agent/loop.go:668.10,669.17 1 1
github.com/mab-go/golem/internal/agent/pacing.go:20.62,22.2 1 45
github.com/mab-go/golem/internal/agent/pacing.go:25.60,29.2 3 8
github.com/mab-go/golem/internal/agent/pacing.go:32.64,36.2 3 8
github.com/mab-go/golem/internal/agent/pacing.go:39.37,43.2 3 8
github.com/mab-go/golem/internal/agent/pacing.go:46.41,50.2 3 7
github.com/mab-go/golem/internal/agent/tool_flight.go:18.39,19.11 1 6
github.com/mab-go/golem/internal/agent/tool_flight.go:20.27,21.26 1 3
github.com/mab-go/golem/internal/agent/tool_flight.go:22.27,23.31 1 2
github.com/mab-go/golem/internal/agent/tool_flight.go:24.10,25.19 1 1
github.com/mab-go/golem/internal/agent/tool_flight.go:37.45,39.2 1 1
github.com/mab-go/golem/internal/agent/tool_flight.go:53.61,59.2 5 112
github.com/mab-go/golem/internal/agent/tool_flight.go:62.29,68.2 5 110
github.com/mab-go/golem/internal/agent/tool_flight.go:71.36,75.2 3 108
github.com/mab-go/golem/internal/agent/tool_flight.go:79.79,82.18 3 2
github.com/mab-go/golem/internal/agent/tool_flight.go:82.18,84.3 1 1
github.com/mab-go/golem/internal/agent/tool_flight.go:85.2,85.46 1 1
github.com/mab-go/golem/internal/agent/tool_flight.go:91.73,94.23 3 107
github.com/mab-go/golem/internal/agent/tool_flight.go:94.23,96.3 1 69
github.com/mab-go/golem/internal/agent/tool_flight.go:97.2,98.13 2 38
github.com/mab-go/golem/internal/agent/wake.go:20.37,21.11 1 6
github.com/mab-go/golem/internal/agent/wake.go:22.22,23.22 1 1
github.com/mab-go/golem/internal/agent/wake.go:24.22,25.23 1 1
github.com/mab-go/golem/internal/agent/wake.go:26.26,27.27 1 1
github.com/mab-go/golem/internal/agent/wake.go:28.22,29.23 1 1
github.com/mab-go/golem/internal/agent/wake.go:30.21,31.21 1 1
github.com/mab-go/golem/internal/agent/wake.go:32.10,33.19 1 1
github.com/mab-go/golem/internal/game/dispatcher.go:104.174,105.16 1 112
github.com/mab-go/golem/internal/game/dispatcher.go:105.16,107.3 1 112
github.com/mab-go/golem/internal/game/dispatcher.go:108.2,108.16 1 112
github.com/mab-go/golem/internal/game/dispatcher.go:108.16,110.3 1 0
github.com/mab-go/golem/internal/game/dispatcher.go:111.2,168.10 4 112
github.com/mab-go/golem/internal/game/dispatcher.go:174.107,177.2 2 114
github.com/mab-go/golem/internal/game/dispatcher.go:182.113,183.18 1 117
github.com/mab-go/golem/internal/game/dispatcher.go:183.18,185.3 1 1
github.com/mab-go/golem/internal/game/dispatcher.go:186.2,186.46 1 117
github.com/mab-go/golem/internal/game/dispatcher.go:186.46,187.58 1 9
github.com/mab-go/golem/internal/game/dispatcher.go:187.58,189.4 1 7
github.com/mab-go/golem/internal/game/dispatcher.go:191.2,191.44 1 110
github.com/mab-go/golem/internal/game/dispatcher.go:191.44,193.3 1 3
github.com/mab-go/golem/internal/game/dispatcher.go:194.2,194.39 1 107
github.com/mab-go/golem/internal/game/dispatcher.go:194.39,197.3 2 106
github.com/mab-go/golem/internal/game/dispatcher.go:198.2,198.106 1 1
github.com/mab-go/golem/internal/game/dispatcher.go:204.84,205.38 1 5
github.com/mab-go/golem/internal/game/dispatcher.go:205.38,209.54 2 3
github.com/mab-go/golem/internal/game/dispatcher.go:209.54,211.4 1 2
github.com/mab-go/golem/internal/game/dispatcher.go:213.2,213.27 1 3
github.com/mab-go/golem/internal/game/dispatcher.go:220.42,223.2 2 0
github.com/mab-go/golem/internal/game/dispatcher.go:225.39,227.28 2 1
github.com/mab-go/golem/internal/game/dispatcher.go:227.28,229.3 1 39
github.com/mab-go/golem/internal/game/dispatcher.go:230.2,230.33 1 1
github.com/mab-go/golem/internal/game/dispatcher.go:230.33,232.3 1 1
github.com/mab-go/golem/internal/game/dispatcher.go:233.2,234.14 2 1
github.com/mab-go/golem/internal/game/dispatcher.go:239.49,240.49 1 100
github.com/mab-go/golem/internal/game/dispatcher.go:240.49,242.3 1 3
github.com/mab-go/golem/internal/game/dispatcher.go:243.2,243.12 1 97
github.com/mab-go/golem/internal/game/dispatcher.go:246.76,247.67 1 4
github.com/mab-go/golem/internal/game/dispatcher.go:247.67,249.3 1 2
github.com/mab-go/golem/internal/game/dispatcher.go:250.2,250.23 1 2
github.com/mab-go/golem/internal/game/dispatcher.go:255.48,256.18 1 9
github.com/mab-go/golem/internal/game/dispatcher.go:256.18,258.3 1 1
github.com/mab-go/golem/internal/game/dispatcher.go:259.2,259.51 1 8
github.com/mab-go/golem/internal/game/meta.go:13.39,16.22 3 9
github.com/mab-go/golem/internal/game/meta.go:16.22,18.3 1 8
github.com/mab-go/golem/internal/game/meta.go:19.2,19.27 1 1
github.com/mab-go/golem/internal/game/meta.go:22.93,23.22 1 2
github.com/mab-go/golem/internal/game/meta.go:23.22,25.3 1 1
github.com/mab-go/golem/internal/game/meta.go:26.2,26.32 1 1
github.com/mab-go/golem/internal/game/meta.go:29.99,33.43 2 3
github.com/mab-go/golem/internal/game/meta.go:33.43,35.3 1 0
github.com/mab-go/golem/internal/game/meta.go:36.2,37.16 2 3
github.com/mab-go/golem/internal/game/meta.go:37.16,39.3 1 1
github.com/mab-go/golem/internal/game/meta.go:40.2,41.51 2 2
github.com/mab-go/golem/internal/game/meta.go:44.99,48.43 2 3
github.com/mab-go/golem/internal/game/meta.go:48.43,50.3 1 0
github.com/mab-go/golem/internal/game/meta.go:51.2,51.20 1 3
github.com/mab-go/golem/internal/game/meta.go:51.20,53.3 1 2
github.com/mab-go/golem/internal/game/meta.go:54.2,54.56 1 1
github.com/mab-go/golem/internal/game/meta.go:54.56,56.3 1 0
github.com/mab-go/golem/internal/game/meta.go:57.2,58.38 2 1
github.com/mab-go/golem/internal/game/meta.go:61.98,65.43 2 1
github.com/mab-go/golem/internal/game/meta.go:65.43,67.3 1 0
github.com/mab-go/golem/internal/game/meta.go:68.2,68.22 1 1
github.com/mab-go/golem/internal/game/meta.go:68.22,70.3 1 0
github.com/mab-go/golem/internal/game/meta.go:71.2,71.57 1 1
github.com/mab-go/golem/internal/game/meta.go:71.57,73.3 1 0
github.com/mab-go/golem/internal/game/meta.go:74.2,75.32 2 1
github.com/mab-go/golem/internal/game/meta.go:78.107,82.43 2 2
github.com/mab-go/golem/internal/game/meta.go:82.43,84.3 1 0
github.com/mab-go/golem/internal/game/meta.go:85.2,85.22 1 2
github.com/mab-go/golem/internal/game/meta.go:85.22,87.3 1 1
github.com/mab-go/golem/internal/game/meta.go:88.2,88.66 1 1
github.com/mab-go/golem/internal/game/meta.go:88.66,90.3 1 0
github.com/mab-go/golem/internal/game/meta.go:91.2,92.42 2 1
github.com/mab-go/golem/internal/game/meta.go:95.107,99.43 2 3
github.com/mab-go/golem/internal/game/meta.go:99.43,101.3 1 1
github.com/mab-go/golem/internal/game/meta.go:102.2,102.24 1 2
github.com/mab-go/golem/internal/game/meta.go:102.24,104.3 1 1
github.com/mab-go/golem/internal/game/meta.go:105.2,105.64 1 1
github.com/mab-go/golem/internal/game/meta.go:105.64,107.3 1 0
github.com/mab-go/golem/internal/game/meta.go:108.2,109.44 2 1
github.com/mab-go/golem/internal/game/meta.go:112.99,116.43 2 2
github.com/mab-go/golem/internal/game/meta.go:116.43,118.3 1 0
github.com/mab-go/golem/internal/game/meta.go:119.2,119.22 1 2
github.com/mab-go/golem/internal/game/meta.go:119.22,121.3 1 1
github.com/mab-go/golem/internal/game/meta.go:122.2,122.58 1 1
github.com/mab-go/golem/internal/game/meta.go:122.58,124.3 1 0
github.com/mab-go/golem/internal/game/meta.go:125.2,126.33 2 1
github.com/mab-go/golem/internal/game/perception.go:12.99,16.43 2 4
github.com/mab-go/golem/internal/game/perception.go:16.43,18.3 1 0
github.com/mab-go/golem/internal/game/perception.go:19.2,19.20 1 4
github.com/mab-go/golem/internal/game/perception.go:19.20,21.3 1 3
github.com/mab-go/golem/internal/game/perception.go:22.2,23.16 2 4
github.com/mab-go/golem/internal/game/perception.go:23.16,25.3 1 0
github.com/mab-go/golem/internal/game/perception.go:28.2,31.17 4 4
github.com/mab-go/golem/internal/game/perception.go:31.17,33.3 1 1
github.com/mab-go/golem/internal/game/perception.go:34.2,35.95 1 4
github.com/mab-go/golem/internal/game/perception.go:38.99,40.16 2 3
github.com/mab-go/golem/internal/game/perception.go:40.16,42.3 1 1
github.com/mab-go/golem/internal/game/perception.go:43.2,43.26 1 2
github.com/mab-go/golem/internal/game/perception.go:43.26,45.3 1 1
github.com/mab-go/golem/internal/game/perception.go:46.2,47.32 2 1
github.com/mab-go/golem/internal/game/perception.go:47.32,49.3 1 2
github.com/mab-go/golem/internal/game/perception.go:50.2,50.102 1 1
github.com/mab-go/golem/internal/game/perception.go:56.103,61.43 2 3
github.com/mab-go/golem/internal/game/perception.go:61.43,63.3 1 0
github.com/mab-go/golem/internal/game/perception.go:65.2,66.29 2 3
github.com/mab-go/golem/internal/game/perception.go:66.29,68.3 1 1
github.com/mab-go/golem/internal/game/perception.go:70.2,71.22 2 3
github.com/mab-go/golem/internal/game/perception.go:71.22,73.3 1 1
github.com/mab-go/golem/internal/game/perception.go:75.2,76.16 2 3
github.com/mab-go/golem/internal/game/perception.go:76.16,78.3 1 1
github.com/mab-go/golem/internal/game/perception.go:80.2,85.58 2 2
github.com/mab-go/golem/internal/game/tier0.go:18.36,18.79 1 24
github.com/mab-go/golem/internal/game/tier0.go:20.95,26.43 2 5
github.com/mab-go/golem/internal/game/tier0.go:26.43,28.3 1 1
github.com/mab-go/golem/internal/game/tier0.go:29.2,29.19 1 4
github.com/mab-go/golem/internal/game/tier0.go:29.19,31.3 1 3
github.com/mab-go/golem/internal/game/tier0.go:32.2,33.16 2 4
github.com/mab-go/golem/internal/game/tier0.go:33.16,35.3 1 1
github.com/mab-go/golem/internal/game/tier0.go:36.2,36.26 1 3
github.com/mab-go/golem/internal/game/tier0.go:36.26,38.33 2 1
github.com/mab-go/golem/internal/game/tier0.go:38.33,40.4 1 1
github.com/mab-go/golem/internal/game/tier0.go:41.3,41.18 1 1
github.com/mab-go/golem/internal/game/tier0.go:43.2,43.31 1 2
github.com/mab-go/golem/internal/game/tier0.go:43.31,46.3 1 1
github.com/mab-go/golem/internal/game/tier0.go:47.2,47.33 1 1
github.com/mab-go/golem/internal/game/tier0.go:50.95,54.43 2 2
github.com/mab-go/golem/internal/game/tier0.go:54.43,56.3 1 0
github.com/mab-go/golem/internal/game/tier0.go:57.2,58.16 2 2
github.com/mab-go/golem/internal/game/tier0.go:58.16,60.3 1 0
github.com/mab-go/golem/internal/game/tier0.go:61.2,61.26 1 2
github.com/mab-go/golem/internal/game/tier0.go:61.26,63.3 1 1
github.com/mab-go/golem/internal/game/tier0.go:64.2,64.33 1 1
github.com/mab-go/golem/internal/game/tier0.go:67.99,73.43 2 2
github.com/mab-go/golem/internal/game/tier0.go:73.43,75.3 1 0
github.com/mab-go/golem/internal/game/tier0.go:76.2,77.16 2 2
github.com/mab-go/golem/internal/game/tier0.go:77.16,79.3 1 0
github.com/mab-go/golem/internal/game/tier0.go:80.2,80.26 1 2
github.com/mab-go/golem/internal/game/tier0.go:80.26,82.3 1 1
github.com/mab-go/golem/internal/game/tier0.go:83.2,83.33 1 1
github.com/mab-go/golem/internal/game/tier0.go:86.97,90.43 2 1
github.com/mab-go/golem/internal/game/tier0.go:90.43,92.3 1 0
github.com/mab-go/golem/internal/game/tier0.go:93.2,94.16 2 1
github.com/mab-go/golem/internal/game/tier0.go:94.16,96.3 1 0
github.com/mab-go/golem/internal/game/tier0.go:97.2,97.26 1 1
github.com/mab-go/golem/internal/game/tier0.go:97.26,99.3 1 0
github.com/mab-go/golem/internal/game/tier0.go:100.2,100.33 1 1
github.com/mab-go/golem/internal/game/tier0.go:103.98,108.43 2 1
github.com/mab-go/golem/internal/game/tier0.go:108.43,110.3 1 0
github.com/mab-go/golem/internal/game/tier0.go:111.2,112.16 2 1
github.com/mab-go/golem/internal/game/tier0.go:112.16,114.3 1 0
github.com/mab-go/golem/internal/game/tier0.go:115.2,115.26 1 1
github.com/mab-go/golem/internal/game/tier0.go:115.26,117.3 1 0
github.com/mab-go/golem/internal/game/tier0.go:118.2,118.33 1 1
github.com/mab-go/golem/internal/game/tier0.go:121.92,123.16 2 2
github.com/mab-go/golem/internal/game/tier0.go:123.16,125.3 1 0
github.com/mab-go/golem/internal/game/tier0.go:126.2,126.26 1 2
github.com/mab-go/golem/internal/game/tier0.go:126.26,128.3 1 1
github.com/mab-go/golem/internal/game/tier0.go:129.2,129.33 1 1
github.com/mab-go/golem/internal/game/tier0.go:132.101,136.43 2 1
github.com/mab-go/golem/internal/game/tier0.go:136.43,138.3 1 0
github.com/mab-go/golem/internal/game/tier0.go:139.2,140.16 2 1
github.com/mab-go/golem/internal/game/tier0.go:140.16,142.3 1 0
github.com/mab-go/golem/internal/game/tier0.go:143.2,143.26 1 1
github.com/mab-go/golem/internal/game/tier0.go:143.26,145.3 1 0
github.com/mab-go/golem/internal/game/tier0.go:146.2,146.33 1 1
github.com/mab-go/golem/internal/game/tier0.go:149.89,151.16 2 2
github.com/mab-go/golem/internal/game/tier0.go:151.16,153.3 1 1
github.com/mab-go/golem/internal/game/tier0.go:154.2,154.26 1 1
github.com/mab-go/golem/internal/game/tier0.go:154.26,156.3 1 0
github.com/mab-go/golem/internal/game/tier0.go:157.2,157.33 1 1
github.com/mab-go/golem/internal/game/tier0.go:160.97,164.43 2 1
github.com/mab-go/golem/internal/game/tier0.go:164.43,166.3 1 0
github.com/mab-go/golem/internal/game/tier0.go:167.2,168.16 2 1
github.com/mab-go/golem/internal/game/tier0.go:168.16,170.3 1 0
github.com/mab-go/golem/internal/game/tier0.go:171.2,171.26 1 1
github.com/mab-go/golem/internal/game/tier0.go:171.26,173.3 1 0
github.com/mab-go/golem/internal/game/tier0.go:174.2,174.33 1 1
github.com/mab-go/golem/internal/game/tier0.go:177.97,181.43 2 3
github.com/mab-go/golem/internal/game/tier0.go:181.43,183.3 1 0
github.com/mab-go/golem/internal/game/tier0.go:184.2,184.22 1 3
github.com/mab-go/golem/internal/game/tier0.go:184.22,186.3 1 1
github.com/mab-go/golem/internal/game/tier0.go:187.2,187.59 1 2
github.com/mab-go/golem/internal/game/tier0.go:187.59,189.3 1 1
github.com/mab-go/golem/internal/game/tier0.go:190.2,191.54 2 1
github.com/mab-go/golem/internal/game/tier1.go:12.99,20.43 2 6
github.com/mab-go/golem/internal/game/tier1.go:20.43,22.3 1 0
github.com/mab-go/golem/internal/game/tier1.go:23.2,24.9 2 6
github.com/mab-go/golem/internal/game/tier1.go:25.26,26.76 1 2
github.com/mab-go/golem/internal/game/tier1.go:27.27,28.75 1 2
github.com/mab-go/golem/internal/game/tier1.go:29.26,30.72 1 1
github.com/mab-go/golem/internal/game/tier1.go:31.10,32.81 1 1
github.com/mab-go/golem/internal/game/tier1.go:34.2,35.16 2 5
github.com/mab-go/golem/internal/game/tier1.go:35.16,37.3 1 1
github.com/mab-go/golem/internal/game/tier1.go:38.2,38.26 1 4
github.com/mab-go/golem/internal/game/tier1.go:38.26,40.3 1 1
github.com/mab-go/golem/internal/game/tier1.go:41.2,41.98 1 3
github.com/mab-go/golem/internal/game/tier1.go:53.107,59.43 2 10
github.com/mab-go/golem/internal/game/tier1.go:59.43,61.3 1 0
github.com/mab-go/golem/internal/game/tier1.go:62.2,63.9 2 10
github.com/mab-go/golem/internal/game/tier1.go:63.9,65.3 1 1
github.com/mab-go/golem/internal/game/tier1.go:66.2,66.45 1 9
github.com/mab-go/golem/internal/game/tier1.go:66.45,68.3 1 1
github.com/mab-go/golem/internal/game/tier1.go:69.2,75.16 3 8
github.com/mab-go/golem/internal/game/tier1.go:75.16,77.3 1 0
github.com/mab-go/golem/internal/game/tier1.go:78.2,78.26 1 8
github.com/mab-go/golem/internal/game/tier1.go:78.26,80.3 1 0
github.com/mab-go/golem/internal/game/tier1.go:81.2,82.28 2 8
github.com/mab-go/golem/internal/game/tier1.go:82.28,84.3 1 1
github.com/mab-go/golem/internal/game/tier1.go:85.2,85.25 1 8
github.com/mab-go/golem/internal/game/tier1.go:85.25,87.3 1 1
github.com/mab-go/golem/internal/game/tier1.go:88.2,88.17 1 8
github.com/mab-go/golem/internal/game/tier1.go:91.102,96.43 2 3
github.com/mab-go/golem/internal/game/tier1.go:96.43,98.3 1 0
github.com/mab-go/golem/internal/game/tier1.go:99.2,100.9 2 3
github.com/mab-go/golem/internal/game/tier1.go:101.26,102.79 1 1
github.com/mab-go/golem/internal/game/tier1.go:103.26,104.75 1 1
github.com/mab-go/golem/internal/game/tier1.go:105.10,106.63 1 1
github.com/mab-go/golem/internal/game/tier1.go:108.2,109.16 2 2
github.com/mab-go/golem/internal/game/tier1.go:109.16,111.3 1 0
github.com/mab-go/golem/internal/game/tier1.go:112.2,112.26 1 2
github.com/mab-go/golem/internal/game/tier1.go:112.26,114.3 1 0
github.com/mab-go/golem/internal/game/tier1.go:115.2,115.29 1 2
github.com/mab-go/golem/internal/game/tier1.go:115.29,117.3 1 1
github.com/mab-go/golem/internal/game/tier1.go:118.2,118.93 1 1
github.com/mab-go/golem/internal/game/tier1.go:121.110,129.43 2 4
github.com/mab-go/golem/internal/game/tier1.go:129.43,131.3 1 0
github.com/mab-go/golem/internal/game/tier1.go:132.2,132.23 1 4
github.com/mab-go/golem/internal/game/tier1.go:132.23,134.3 1 1
github.com/mab-go/golem/internal/game/tier1.go:135.2,140.9 2 3
github.com/mab-go/golem/internal/game/tier1.go:141.26,142.87 1 1
github.com/mab-go/golem/internal/game/tier1.go:143.26,144.83 1 1
github.com/mab-go/golem/internal/game/tier1.go:145.10,146.72 1 1
github.com/mab-go/golem/internal/game/tier1.go:148.2,149.16 2 2
github.com/mab-go/golem/internal/game/tier1.go:149.16,151.3 1 0
github.com/mab-go/golem/internal/game/tier1.go:152.2,152.26 1 2
github.com/mab-go/golem/internal/game/tier1.go:152.26,154.3 1 0
github.com/mab-go/golem/internal/game/tier1.go:155.2,156.38 2 2
github.com/mab-go/golem/internal/game/tier1.go:156.38,158.3 1 1
github.com/mab-go/golem/internal/game/tier1.go:158.8,160.3 1 1
github.com/mab-go/golem/internal/game/tier1.go:161.2,161.17 1 2
github.com/mab-go/golem/internal/game/tier1.go:164.107,172.43 2 3
github.com/mab-go/golem/internal/game/tier1.go:172.43,174.3 1 0
github.com/mab-go/golem/internal/game/tier1.go:175.2,175.23 1 3
github.com/mab-go/golem/internal/game/tier1.go:175.23,177.3 1 1
github.com/mab-go/golem/internal/game/tier1.go:178.2,183.9 2 2
github.com/mab-go/golem/internal/game/tier1.go:184.26,185.84 1 1
github.com/mab-go/golem/internal/game/tier1.go:186.26,187.80 1 0
github.com/mab-go/golem/internal/game/tier1.go:188.10,189.69 1 1
github.com/mab-go/golem/internal/game/tier1.go:191.2,192.16 2 1
github.com/mab-go/golem/internal/game/tier1.go:192.16,194.3 1 0
github.com/mab-go/golem/internal/game/tier1.go:195.2,195.26 1 1
github.com/mab-go/golem/internal/game/tier1.go:195.26,197.3 1 0
github.com/mab-go/golem/internal/game/tier1.go:198.2,199.38 2 1
github.com/mab-go/golem/internal/game/tier1.go:199.38,201.3 1 1
github.com/mab-go/golem/internal/game/tier1.go:202.2,202.17 1 1
github.com/mab-go/golem/internal/game/tier1.go:205.98,210.43 2 4
github.com/mab-go/golem/internal/game/tier1.go:210.43,212.3 1 0
github.com/mab-go/golem/internal/game/tier1.go:213.2,213.23 1 4
github.com/mab-go/golem/internal/game/tier1.go:213.23,215.3 1 1
github.com/mab-go/golem/internal/game/tier1.go:216.2,216.19 1 3
github.com/mab-go/golem/internal/game/tier1.go:216.19,218.3 1 1
github.com/mab-go/golem/internal/game/tier1.go:219.2,220.16 2 3
github.com/mab-go/golem/internal/game/tier1.go:220.16,222.3 1 0
github.com/mab-go/golem/internal/game/tier1.go:223.2,223.26 1 3
github.com/mab-go/golem/internal/game/tier1.go:223.26,225.28 2 1
github.com/mab-go/golem/internal/game/tier1.go:225.28,227.4 1 1
github.com/mab-go/golem/internal/game/tier1.go:228.3,229.18 2 1
github.com/mab-go/golem/internal/game/tier1.go:231.2,233.17 3 2
github.com/mab-go/golem/internal/game/tier1.go:236.98,242.43 2 2
github.com/mab-go/golem/internal/game/tier1.go:242.43,244.3 1 0
github.com/mab-go/golem/internal/game/tier1.go:245.2,245.23 1 2
github.com/mab-go/golem/internal/game/tier1.go:245.23,247.3 1 1
github.com/mab-go/golem/internal/game/tier1.go:248.2,248.19 1 1
github.com/mab-go/golem/internal/game/tier1.go:248.19,250.3 1 1
github.com/mab-go/golem/internal/game/tier1.go:251.2,252.16 2 1
github.com/mab-go/golem/internal/game/tier1.go:252.16,254.3 1 0
github.com/mab-go/golem/internal/game/tier1.go:255.2,255.26 1 1
github.com/mab-go/golem/internal/game/tier1.go:255.26,257.3 1 0
github.com/mab-go/golem/internal/game/tier1.go:258.2,258.33 1 1
github.com/mab-go/golem/internal/game/tier1.go:261.92,265.43 2 2
github.com/mab-go/golem/internal/game/tier1.go:265.43,267.3 1 0
github.com/mab-go/golem/internal/game/tier1.go:268.2,269.16 2 2
github.com/mab-go/golem/internal/game/tier1.go:269.16,271.3 1 0
github.com/mab-go/golem/internal/game/tier1.go:272.2,272.26 1 2
github.com/mab-go/golem/internal/game/tier1.go:272.26,274.3 1 1
github.com/mab-go/golem/internal/game/tier1.go:275.2,275.105 1 1
github.com/mab-go/golem/internal/game/tier1.go:278.55,280.27 2 9
github.com/mab-go/golem/internal/game/tier1.go:280.27,282.3 1 11
github.com/mab-go/golem/internal/game/tier1.go:283.2,283.34 1 9
github.com/mab-go/golem/internal/game/tier1.go:286.61,287.21 1 5
github.com/mab-go/golem/internal/game/tier1.go:287.21,289.3 1 3
github.com/mab-go/golem/internal/game/tier1.go:290.2,290.48 1 2
github.com/mab-go/golem/internal/game/tier2.go:12.99,18.43 2 2
github.com/mab-go/golem/internal/game/tier2.go:18.43,20.3 1 0
github.com/mab-go/golem/internal/game/tier2.go:21.2,21.24 1 2
github.com/mab-go/golem/internal/game/tier2.go:21.24,23.3 1 1
github.com/mab-go/golem/internal/game/tier2.go:24.2,24.19 1 1
github.com/mab-go/golem/internal/game/tier2.go:24.19,26.3 1 1
github.com/mab-go/golem/internal/game/tier2.go:27.2,27.25 1 1
github.com/mab-go/golem/internal/game/tier2.go:27.25,29.3 1 1
github.com/mab-go/golem/internal/game/tier2.go:30.2,35.107 2 1
github.com/mab-go/golem/internal/game/tier2.go:35.107,37.3 1 1
github.com/mab-go/golem/internal/game/tier2.go:37.30,39.3 1 0
github.com/mab-go/golem/internal/game/tier2.go:40.2,42.31 1 1
github.com/mab-go/golem/internal/game/tier2.go:45.93,51.43 2 2
github.com/mab-go/golem/internal/game/tier2.go:51.43,53.3 1 0
github.com/mab-go/golem/internal/game/tier2.go:54.2,54.23 1 2
github.com/mab-go/golem/internal/game/tier2.go:54.23,56.3 1 1
github.com/mab-go/golem/internal/game/tier2.go:57.2,57.22 1 1
github.com/mab-go/golem/internal/game/tier2.go:57.22,59.3 1 1
github.com/mab-go/golem/internal/game/tier2.go:60.2,65.100 2 1
github.com/mab-go/golem/internal/game/tier2.go:65.100,67.3 1 1
github.com/mab-go/golem/internal/game/tier2.go:67.30,69.3 1 0
github.com/mab-go/golem/internal/game/tier2.go:70.2,70.159 1 1
github.com/mab-go/golem/internal/game/tier2.go:73.101,80.43 2 2
github.com/mab-go/golem/internal/game/tier2.go:80.43,82.3 1 0
github.com/mab-go/golem/internal/game/tier2.go:83.2,83.19 1 2
github.com/mab-go/golem/internal/game/tier2.go:83.19,85.3 1 2
github.com/mab-go/golem/internal/game/tier2.go:86.2,86.23 1 2
github.com/mab-go/golem/internal/game/tier2.go:86.23,88.3 1 1
github.com/mab-go/golem/internal/game/tier2.go:89.2,95.109 2 1
github.com/mab-go/golem/internal/game/tier2.go:95.109,97.3 1 1
github.com/mab-go/golem/internal/game/tier2.go:97.30,99.3 1 0
github.com/mab-go/golem/internal/game/tier2.go:100.2,100.169 1 1
github.com/mab-go/golem/internal/game/tier2.go:103.97,107.43 2 2
github.com/mab-go/golem/internal/game/tier2.go:107.43,109.3 1 0
github.com/mab-go/golem/internal/game/tier2.go:110.2,110.19 1 2
github.com/mab-go/golem/internal/game/tier2.go:110.19,112.3 1 1
github.com/mab-go/golem/internal/game/tier2.go:113.2,114.105 2 1
github.com/mab-go/golem/internal/game/tier2.go:114.105,116.3 1 1
github.com/mab-go/golem/internal/game/tier2.go:116.30,118.3 1 0
github.com/mab-go/golem/internal/game/tier2.go:119.2,119.144 1 1
github.com/mab-go/golem/internal/game/tier2.go:122.104,126.43 2 1
github.com/mab-go/golem/internal/game/tier2.go:126.43,128.3 1 0
github.com/mab-go/golem/internal/game/tier2.go:129.2,130.112 2 1
github.com/mab-go/golem/internal/game/tier2.go:130.112,132.3 1 1
github.com/mab-go/golem/internal/game/tier2.go:132.30,134.3 1 0
github.com/mab-go/golem/internal/game/tier2.go:135.2,135.125 1 1
github.com/mab-go/golem/internal/game/tier2.go:138.96,143.43 2 1
github.com/mab-go/golem/internal/game/tier2.go:143.43,145.3 1 0
github.com/mab-go/golem/internal/game/tier2.go:146.2,146.20 1 1
github.com/mab-go/golem/internal/game/tier2.go:146.20,148.3 1 1
github.com/mab-go/golem/internal/game/tier2.go:149.2,153.104 2 1
github.com/mab-go/golem/internal/game/tier2.go:153.104,155.3 1 1
github.com/mab-go/golem/internal/game/tier2.go:155.30,157.3 1 0
github.com/mab-go/golem/internal/game/tier2.go:158.2,158.154 1 1
github.com/mab-go/golem/internal/game/tier2.go:161.91,167.43 2 2
github.com/mab-go/golem/internal/game/tier2.go:167.43,169.3 1 0
github.com/mab-go/golem/internal/game/tier2.go:170.2,170.19 1 2
github.com/mab-go/golem/internal/game/tier2.go:170.19,172.3 1 1
github.com/mab-go/golem/internal/game/tier2.go:173.2,178.98 2 1
github.com/mab-go/golem/internal/game/tier2.go:178.98,180.3 1 1
github.com/mab-go/golem/internal/game/tier2.go:180.30,182.3 1 0
github.com/mab-go/golem/internal/game/tier2.go:183.2,183.137 1 1
github.com/mab-go/golem/internal/game/tier2.go:186.124,189.16 3 7
github.com/mab-go/golem/internal/game/tier2.go:189.16,192.3 2 0
github.com/mab-go/golem/internal/game/tier2.go:193.2,193.71 1 7
github.com/mab-go/golem/internal/game/tier2.go:193.71,196.3 2 0
github.com/mab-go/golem/internal/game/tier2.go:197.2,197.16 1 7
github.com/mab-go/golem/internal/game/tier3.go:14.99,18.43 2 3
github.com/mab-go/golem/internal/game/tier3.go:18.43,20.3 1 0
github.com/mab-go/golem/internal/game/tier3.go:21.2,21.20 1 3
github.com/mab-go/golem/internal/game/tier3.go:21.20,23.3 1 2
github.com/mab-go/golem/internal/game/tier3.go:24.2,24.33 1 3
github.com/mab-go/golem/internal/game/tier3.go:24.33,26.3 1 1
github.com/mab-go/golem/internal/game/tier3.go:27.2,28.16 2 3
github.com/mab-go/golem/internal/game/tier3.go:28.16,30.3 1 1
github.com/mab-go/golem/internal/game/tier3.go:31.2,31.42 1 2
github.com/mab-go/golem/internal/game/tier3.go:34.65,35.17 1 5
github.com/mab-go/golem/internal/game/tier3.go:35.17,37.3 1 1
github.com/mab-go/golem/internal/game/tier3.go:38.2,38.24 1 4
github.com/mab-go/golem/internal/game/tier3.go:38.24,40.3 1 3
github.com/mab-go/golem/internal/game/tier3.go:41.2,46.54 2 1
github.com/mab-go/golem/internal/game/tier3.go:49.100,56.43 2 6
github.com/mab-go/golem/internal/game/tier3.go:56.43,58.3 1 0
github.com/mab-go/golem/internal/game/tier3.go:59.2,59.20 1 6
github.com/mab-go/golem/internal/game/tier3.go:59.20,61.3 1 4
github.com/mab-go/golem/internal/game/tier3.go:62.2,62.33 1 6
github.com/mab-go/golem/internal/game/tier3.go:62.33,64.3 1 1
github.com/mab-go/golem/internal/game/tier3.go:65.2,66.9 2 6
github.com/mab-go/golem/internal/game/tier3.go:67.26,68.73 1 3
github.com/mab-go/golem/internal/game/tier3.go:69.27,70.76 1 1
github.com/mab-go/golem/internal/game/tier3.go:71.30,72.85 1 1
github.com/mab-go/golem/internal/game/tier3.go:73.10,74.97 1 1
github.com/mab-go/golem/internal/game/tier3.go:77.2,78.16 2 5
github.com/mab-go/golem/internal/game/tier3.go:78.16,80.3 1 0
github.com/mab-go/golem/internal/game/tier3.go:81.2,81.17 1 5
github.com/mab-go/golem/internal/game/tier3.go:81.17,83.3 1 3
github.com/mab-go/golem/internal/game/tier3.go:84.2,85.16 2 2
github.com/mab-go/golem/internal/game/tier3.go:85.16,87.3 1 1
github.com/mab-go/golem/internal/game/tier3.go:88.2,89.54 1 2
github.com/mab-go/golem/internal/game/tier3.go:97.11,98.9 1 7
github.com/mab-go/golem/internal/game/tier3.go:99.26,100.22 1 3
github.com/mab-go/golem/internal/game/tier3.go:101.27,102.23 1 2
github.com/mab-go/golem/internal/game/tier3.go:103.30,104.26 1 1
github.com/mab-go/golem/internal/game/tier3.go:106.2,106.17 1 1
github.com/mab-go/golem/internal/game/tier3.go:109.98,111.16 2 2
github.com/mab-go/golem/internal/game/tier3.go:111.16,113.3 1 0
github.com/mab-go/golem/internal/game/tier3.go:114.2,114.26 1 2
github.com/mab-go/golem/internal/game/tier3.go:114.26,116.3 1 1
github.com/mab-go/golem/internal/game/tier3.go:117.2,118.32 2 1
github.com/mab-go/golem/internal/game/tier3.go:118.32,120.31 2 2
github.com/mab-go/golem/internal/game/tier3.go:120.31,122.4 1 1
github.com/mab-go/golem/internal/game/tier3.go:123.3,123.82 1 2
github.com/mab-go/golem/internal/game/tier3.go:125.2,125.55 1 1
github.com/mab-go/golem/internal/game/tier3.go:128.101,132.43 2 2
github.com/mab-go/golem/internal/game/tier3.go:132.43,134.3 1 0
github.com/mab-go/golem/internal/game/tier3.go:135.2,135.20 1 2
github.com/mab-go/golem/internal/game/tier3.go:135.20,137.3 1 1
github.com/mab-go/golem/internal/game/tier3.go:138.2,139.16 2 2
github.com/mab-go/golem/internal/game/tier3.go:139.16,141.3 1 0
github.com/mab-go/golem/internal/game/tier3.go:142.2,142.24 1 2
github.com/mab-go/golem/internal/game/tier3.go:142.24,144.3 1 1
github.com/mab-go/golem/internal/game/tier3.go:145.2,147.54 1 1
github.com/mab-go/golem/internal/game/tier3.go:150.49,151.12 1 7
github.com/mab-go/golem/internal/game/tier3.go:152.34,153.16 1 1
github.com/mab-go/golem/internal/game/tier3.go:154.33,155.15 1 1
github.com/mab-go/golem/internal/game/tier3.go:156.38,157.20 1 1
github.com/mab-go/golem/internal/game/tier3.go:158.34,159.16 1 2
github.com/mab-go/golem/internal/game/tier3.go:160.38,161.20 1 1
github.com/mab-go/golem/internal/game/tier3.go:163.2,163.18 1 1
github.com/mab-go/golem/internal/game/tier3.go:166.97,171.43 2 4
github.com/mab-go/golem/internal/game/tier3.go:171.43,173.3 1 0
github.com/mab-go/golem/internal/game/tier3.go:174.2,175.16 2 4
github.com/mab-go/golem/internal/game/tier3.go:175.16,177.3 1 0
github.com/mab-go/golem/internal/game/tier3.go:178.2,178.21 1 4
github.com/mab-go/golem/internal/game/tier3.go:178.21,180.28 2 2
github.com/mab-go/golem/internal/game/tier3.go:180.28,182.4 1 1
github.com/mab-go/golem/internal/game/tier3.go:183.3,183.77 1 2
github.com/mab-go/golem/internal/game/tier3.go:185.2,186.27 2 2
github.com/mab-go/golem/internal/game/tier3.go:186.27,188.3 1 1
github.com/mab-go/golem/internal/game/tier3.go:189.2,190.75 1 2
